protein	Time	Cow	Diet
2	3.57	2	B01	barley
5	3.89	5	B01	barley
8	3.9	8	B01	barley
11	3.83	11	B01	barley
14	4.02	14	B01	barley
21	3.25	2	B02	barley
24	3.38	5	B02	barley
27	3.16	8	B02	barley
30	3.31	11	B02	barley
43	3.29	5	B03	barley
46	3.2	8	B03	barley
49	2.93	11	B03	barley
52	2.64	14	B03	barley
54	3.5	2	B04	barley
63	3.14	11	B04	barley
66	3.37	14	B04	barley
72	3.76	2	B05	barley
78	3.77	8	B05	barley
81	3.61	11	B05	barley
94	4.06	5	B06	barley
100	3.71	11	B06	barley
103	3.42	14	B06	barley
108	3.78	5	B07	barley
111	3.64	8	B07	barley
114	3.72	11	B07	barley
117	3.32	14	B07	barley
123	3.86	2	B08	barley
126	3.64	5	B08	barley
129	3.97	8	B08	barley
131	3.98	11	B08	barley
134	4.06	14	B08	barley
141	3.42	2	B09	barley
144	3.35	5	B09	barley
147	3.5	8	B09	barley
150	3.75	11	B09	barley
153	3.52	14	B09	barley
160	3.89	2	B10	barley
169	3.53	11	B10	barley
172	3.91	14	B10	barley
179	3.59	2	B11	barley
182	3.19	5	B11	barley
185	3.55	8	B11	barley
188	3.75	11	B11	barley
191	3.87	14	B11	barley
198	3.76	2	B12	barley
204	3.96	8	B12	barley
208	3.13	14	B12	barley
210	3.9	2	B13	barley
219	3.46	11	B13	barley
222	3.13	14	B13	barley
224	3.33	2	B14	barley
227	3.35	5	B14	barley
230	3.33	8	B14	barley
233	2.84	11	B14	barley
236	2.75	14	B14	barley
238	4	2	B15	barley
241	3.52	5	B15	barley
244	3.5	8	B15	barley
247	3.13	11	B15	barley
250	3.22	14	B15	barley
253	3.22	2	B16	barley
256	3.28	5	B16	barley
259	3.22	8	B16	barley
262	3.38	11	B16	barley
265	3.52	14	B16	barley
269	3.66	2	B17	barley
275	3.01	8	B17	barley
278	3.16	11	B17	barley
281	3.46	14	B17	barley
288	3.85	2	B18	barley
297	3.7	11	B18	barley
307	3.75	2	B19	barley
310	4.09	5	B19	barley
316	3.15	11	B19	barley
319	3.75	14	B19	barley
328	3.25	5	B20	barley
331	3.43	8	B20	barley
334	3.7	11	B20	barley
337	3.7	14	B20	barley
347	3.35	5	B21	barley
350	3.56	8	B21	barley
353	3.66	11	B21	barley
356	3.32	14	B21	barley
360	3.86	2	B22	barley
366	3.46	8	B22	barley
369	4	11	B22	barley
372	4.12	14	B22	barley
379	3.79	2	B23	barley
382	3.76	5	B23	barley
388	3	11	B23	barley
391	3.23	14	B23	barley
393	3.84	2	B24	barley
399	3.47	8	B24	barley
405	3.76	14	B24	barley
412	3.61	2	B25	barley
415	3.58	5	B25	barley
418	3.51	8	B25	barley
421	3.08	11	B25	barley
424	3.35	14	B25	barley
427	3.38	2	BL01	barley+lupins
430	3.15	5	BL01	barley+lupins
433	3.25	8	BL01	barley+lupins
436	3.8	11	BL01	barley+lupins
439	3.51	14	BL01	barley+lupins
449	3.35	5	BL02	barley+lupins
452	3.52	8	BL02	barley+lupins
455	3.85	11	BL02	barley+lupins
458	3.93	14	BL02	barley+lupins
465	3.71	2	BL03	barley+lupins
471	3	8	BL03	barley+lupins
474	3.5	11	BL03	barley+lupins
477	3.54	14	BL03	barley+lupins
484	3.86	2	BL04	barley+lupins
487	3.65	5	BL04	barley+lupins
490	3.73	8	BL04	barley+lupins
493	3.4	11	BL04	barley+lupins
501	3.92	5	BL05	barley+lupins
504	3.36	8	BL05	barley+lupins
507	2.99	11	BL05	barley+lupins
510	2.7	14	BL05	barley+lupins
515	3.31	5	BL06	barley+lupins
534	3.37	5	BL07	barley+lupins
537	3.55	8	BL07	barley+lupins
543	3.53	14	BL07	barley+lupins
547	3.33	2	BL08	barley+lupins
550	2.95	5	BL08	barley+lupins
556	3.26	11	BL08	barley+lupins
566	3.55	2	BL09	barley+lupins
569	3.65	5	BL09	barley+lupins
575	3.3	11	BL09	barley+lupins
578	2.97	14	BL09	barley+lupins
580	3.9	2	BL10	barley+lupins
586	3.6	8	BL10	barley+lupins
592	3.15	14	BL10	barley+lupins
595	3.31	2	BL11	barley+lupins
598	3.29	5	BL11	barley+lupins
601	3.09	8	BL11	barley+lupins
607	3.09	14	BL11	barley+lupins
614	3.56	2	BL12	barley+lupins
617	3.2	5	BL12	barley+lupins
623	3.44	11	BL12	barley+lupins
626	3.55	14	BL12	barley+lupins
633	3.64	2	BL13	barley+lupins
639	3.2	8	BL13	barley+lupins
645	3.53	14	BL13	barley+lupins
652	3.62	2	BL14	barley+lupins
658	3.28	8	BL14	barley+lupins
661	3.34	11	BL14	barley+lupins
664	3.68	14	BL14	barley+lupins
671	3.45	2	BL15	barley+lupins
674	3.37	5	BL15	barley+lupins
677	3.48	8	BL15	barley+lupins
680	2.8	11	BL15	barley+lupins
685	3.12	2	BL16	barley+lupins
688	2.88	5	BL16	barley+lupins
691	3.22	8	BL16	barley+lupins
694	3.33	11	BL16	barley+lupins
697	3.36	14	BL16	barley+lupins
704	4.09	2	BL17	barley+lupins
710	3.3	8	BL17	barley+lupins
716	3.81	14	BL17	barley+lupins
723	3.1	2	BL18	barley+lupins
732	3.3	11	BL18	barley+lupins
734	3.11	14	BL18	barley+lupins
740	3.4	2	BL19	barley+lupins
743	3.29	5	BL19	barley+lupins
752	3.26	14	BL19	barley+lupins
755	3.6	2	BL20	barley+lupins
758	3.58	5	BL20	barley+lupins
761	3.65	8	BL20	barley+lupins
764	3.15	11	BL20	barley+lupins
767	3.01	14	BL20	barley+lupins
772	3.39	5	BL21	barley+lupins
778	3.27	11	BL21	barley+lupins
781	3.21	14	BL21	barley+lupins
784	3.25	2	BL22	barley+lupins
790	3.63	8	BL22	barley+lupins
793	3.3	11	BL22	barley+lupins
796	3.87	14	BL22	barley+lupins
803	3.55	2	BL23	barley+lupins
806	3.45	5	BL23	barley+lupins
809	3.6	8	BL23	barley+lupins
815	3.05	14	BL23	barley+lupins
817	3.4	2	BL24	barley+lupins
820	3.27	5	BL24	barley+lupins
823	3.3	8	BL24	barley+lupins
829	3.3	14	BL24	barley+lupins
842	3.91	8	BL25	barley+lupins
848	3.27	14	BL25	barley+lupins
853	3.3	5	BL26	barley+lupins
856	3.1	8	BL26	barley+lupins
859	3.55	11	BL26	barley+lupins
871	3.2	5	BL27	barley+lupins
876	3.18	11	BL27	barley+lupins
879	3.67	14	BL27	barley+lupins
889	3.09	5	L01	lupins
892	3.22	8	L01	lupins
895	3.42	11	L01	lupins
898	3.74	14	L01	lupins
914	3.25	11	L02	lupins
917	3.17	14	L02	lupins
924	3.04	2	L03	lupins
927	2.92	5	L03	lupins
930	3.13	8	L03	lupins
933	3	11	L03	lupins
936	3.31	14	L03	lupins
943	3.34	2	L04	lupins
946	2.79	5	L04	lupins
949	3.27	8	L04	lupins
952	3.49	11	L04	lupins
955	3.6	14	L04	lupins
965	3.45	5	L05	lupins
971	3.42	11	L05	lupins
974	3.45	14	L05	lupins
981	3.7	2	L06	lupins
984	3.57	5	L06	lupins
987	3.4	8	L06	lupins
990	3.22	11	L06	lupins
993	2.93	14	L06	lupins
995	2.89	2	L07	lupins
998	2.61	5	L07	lupins
1001	3.12	8	L07	lupins
1004	3.13	11	L07	lupins
1017	3.41	5	L08	lupins
1020	3.37	8	L08	lupins
1023	3.21	11	L08	lupins
1026	3.43	14	L08	lupins
1035	2.84	5	L09	lupins
1041	3.15	11	L09	lupins
1051	4.12	2	L10	lupins
1054	3.65	5	L10	lupins
1057	3.41	8	L10	lupins
1060	3.23	11	L10	lupins
1063	2.88	14	L10	lupins
1069	3.45	5	L11	lupins
1072	3.43	8	L11	lupins
1075	2.94	11	L11	lupins
1085	3.9	8	L12	lupins
1088	3.29	11	L12	lupins
1091	3.22	14	L12	lupins
1093	3.75	2	L13	lupins
1102	4.22	11	L13	lupins
1108	3	2	L14	lupins
1111	3.3	5	L14	lupins
1114	3.12	8	L14	lupins
1122	3.35	2	L15	lupins
1128	2.95	8	L15	lupins
1131	2.57	11	L15	lupins
1134	3.05	14	L15	lupins
1137	3.12	2	L16	lupins
1140	2.74	5	L16	lupins
1143	2.86	8	L16	lupins
1146	3.02	11	L16	lupins
1149	3.14	14	L16	lupins
1156	3.52	2	L17	lupins
1159	3.48	5	L17	lupins
1162	3.57	11	L17	lupins
1165	3.35	14	L17	lupins
1168	3.19	2	L18	lupins
1171	3.31	5	L18	lupins
1174	3.5	8	L18	lupins
1177	3.6	11	L18	lupins
1184	3.12	2	L19	lupins
1190	2.77	8	L19	lupins
1193	3.08	11	L19	lupins
1196	3.26	14	L19	lupins
1203	3.42	2	L20	lupins
1206	3.06	5	L20	lupins
1212	2.88	11	L20	lupins
1215	3.36	14	L20	lupins
1222	3.39	2	L21	lupins
1225	3.46	5	L21	lupins
1228	2.94	8	L21	lupins
1231	3.25	11	L21	lupins
1241	3.37	2	L22	lupins
1244	3.1	5	L22	lupins
1246	3.55	8	L22	lupins
1249	3.45	11	L22	lupins
1252	3.75	14	L22	lupins
1259	3.85	2	L23	lupins
1268	3.22	11	L23	lupins
1271	3.2	14	L23	lupins
1273	3.81	2	L24	lupins
1279	3.1	8	L24	lupins
1285	3.21	14	L24	lupins
1292	3.22	2	L25	lupins
1295	3.4	5	L25	lupins
1298	3.5	8	L25	lupins
1301	2.97	11	L25	lupins
1304	3.04	14	L25	lupins
1309	2.94	5	L26	lupins
1312	3.61	8	L26	lupins
1315	3.55	11	L26	lupins
1318	3.87	14	L26	lupins
1325	3.95	2	L27	lupins
1328	3.95	5	L27	lupins
1331	3.95	8	L27	lupins
1334	3.45	11	L27	lupins
