protein	Time	Cow	Diet
5	3.89	5	B01	barley
9	3.78	9	B01	barley
13	4.1	13	B01	barley
20	3.24	1	B02	barley
28	3.34	9	B02	barley
32	3.41	13	B02	barley
36	3.4	17	B02	barley
43	3.29	5	B03	barley
47	3.27	9	B03	barley
51	2.82	13	B03	barley
53	3.66	1	B04	barley
57	2.72	5	B04	barley
61	3.2	9	B04	barley
65	3.24	13	B04	barley
69	3.35	17	B04	barley
71	4.34	1	B05	barley
75	3.45	5	B05	barley
79	3.9	9	B05	barley
87	3.47	17	B05	barley
90	4.36	1	B06	barley
98	3.7	9	B06	barley
102	3.74	13	B06	barley
104	4.17	1	B07	barley
108	3.78	5	B07	barley
112	3.83	9	B07	barley
116	3.5	13	B07	barley
120	3.51	17	B07	barley
122	4.4	1	B08	barley
126	3.64	5	B08	barley
133	4.05	13	B08	barley
137	3.65	17	B08	barley
144	3.35	5	B09	barley
148	3.55	9	B09	barley
152	3.53	13	B09	barley
156	3.74	17	B09	barley
159	3.75	1	B10	barley
163	3.32	5	B10	barley
167	3.09	9	B10	barley
171	3.63	13	B10	barley
175	4.18	17	B10	barley
178	4.2	1	B11	barley
182	3.19	5	B11	barley
186	3.6	9	B11	barley
197	4.02	1	B12	barley
201	3.95	5	B12	barley
207	3.5	13	B12	barley
209	4.02	1	B13	barley
213	3.71	5	B13	barley
217	3.61	9	B13	barley
221	3.38	13	B13	barley
223	3.9	1	B14	barley
227	3.35	5	B14	barley
231	3.12	9	B14	barley
235	3.02	13	B14	barley
237	3.81	1	B15	barley
241	3.52	5	B15	barley
245	3.71	9	B15	barley
249	3.31	13	B15	barley
252	3.62	1	B16	barley
256	3.28	5	B16	barley
264	2.94	13	B16	barley
268	3.66	1	B17	barley
272	2.66	5	B17	barley
276	3.5	9	B17	barley
280	3.5	13	B17	barley
284	3.7	17	B17	barley
287	4.44	1	B18	barley
291	3.4	5	B18	barley
295	3.01	9	B18	barley
299	3.65	13	B18	barley
303	3.95	17	B18	barley
306	4.23	1	B19	barley
314	3.65	9	B19	barley
318	3.54	13	B19	barley
322	3.6	17	B19	barley
325	3.82	1	B20	barley
328	3.25	5	B20	barley
332	3.5	9	B20	barley
336	3.58	13	B20	barley
340	3.33	17	B20	barley
343	3.53	1	B21	barley
347	3.35	5	B21	barley
351	3.27	9	B21	barley
355	3.34	13	B21	barley
359	4.47	1	B22	barley
363	3.74	5	B22	barley
367	3.88	9	B22	barley
371	3.8	13	B22	barley
375	3.52	17	B22	barley
378	3.93	1	B23	barley
382	3.76	5	B23	barley
386	3.75	9	B23	barley
392	3.27	1	B24	barley
396	3.4	5	B24	barley
400	3.32	9	B24	barley
404	3.74	13	B24	barley
411	3.32	1	B25	barley
415	3.58	5	B25	barley
419	3.74	9	B25	barley
423	3.22	13	B25	barley
430	3.15	5	BL01	barley+lupins
434	3.35	9	BL01	barley+lupins
438	3.44	13	BL01	barley+lupins
442	3.26	17	BL01	barley+lupins
445	3.8	1	BL02	barley+lupins
449	3.35	5	BL02	barley+lupins
453	3.66	9	BL02	barley+lupins
457	4.06	13	BL02	barley+lupins
461	3.93	17	BL02	barley+lupins
464	4.17	1	BL03	barley+lupins
468	3.07	5	BL03	barley+lupins
472	3.32	9	BL03	barley+lupins
476	3.51	13	BL03	barley+lupins
480	3.38	17	BL03	barley+lupins
487	3.65	5	BL04	barley+lupins
491	3.62	9	BL04	barley+lupins
495	3.45	13	BL04	barley+lupins
497	4.07	1	BL05	barley+lupins
501	3.92	5	BL05	barley+lupins
505	3.28	9	BL05	barley+lupins
509	3.05	13	BL05	barley+lupins
515	3.31	5	BL06	barley+lupins
519	3.66	9	BL06	barley+lupins
523	3.44	13	BL06	barley+lupins
527	3.65	17	BL06	barley+lupins
530	3.56	1	BL07	barley+lupins
534	3.37	5	BL07	barley+lupins
538	3.57	9	BL07	barley+lupins
542	3.29	13	BL07	barley+lupins
546	3.67	1	BL08	barley+lupins
550	2.95	5	BL08	barley+lupins
554	3.19	9	BL08	barley+lupins
558	3.18	13	BL08	barley+lupins
562	3.59	17	BL08	barley+lupins
565	4.15	1	BL09	barley+lupins
569	3.65	5	BL09	barley+lupins
573	3.48	9	BL09	barley+lupins
577	3.22	13	BL09	barley+lupins
579	3.51	1	BL10	barley+lupins
583	3.51	5	BL10	barley+lupins
587	3.7	9	BL10	barley+lupins
591	3.3	13	BL10	barley+lupins
594	4.2	1	BL11	barley+lupins
598	3.29	5	BL11	barley+lupins
602	3.14	9	BL11	barley+lupins
613	4.12	1	BL12	barley+lupins
617	3.2	5	BL12	barley+lupins
621	3.02	9	BL12	barley+lupins
625	3.72	13	BL12	barley+lupins
629	3.35	17	BL12	barley+lupins
632	3.52	1	BL13	barley+lupins
636	2.95	5	BL13	barley+lupins
644	3.33	13	BL13	barley+lupins
648	3.99	17	BL13	barley+lupins
651	4.08	1	BL14	barley+lupins
655	3.13	5	BL14	barley+lupins
659	3.02	9	BL14	barley+lupins
663	3.38	13	BL14	barley+lupins
667	3.66	17	BL14	barley+lupins
670	4.02	1	BL15	barley+lupins
678	3.23	9	BL15	barley+lupins
682	3.04	13	BL15	barley+lupins
684	3.18	1	BL16	barley+lupins
688	2.88	5	BL16	barley+lupins
692	3.2	9	BL16	barley+lupins
696	3.4	13	BL16	barley+lupins
700	3.1	17	BL16	barley+lupins
703	4.11	1	BL17	barley+lupins
707	3.57	5	BL17	barley+lupins
711	3.6	9	BL17	barley+lupins
715	3.68	13	BL17	barley+lupins
719	3.41	17	BL17	barley+lupins
722	3.27	1	BL18	barley+lupins
726	3.34	5	BL18	barley+lupins
730	3.52	9	BL18	barley+lupins
737	3.05	17	BL18	barley+lupins
739	3.27	1	BL19	barley+lupins
743	3.29	5	BL19	barley+lupins
747	3.66	9	BL19	barley+lupins
751	3.32	13	BL19	barley+lupins
754	3.97	1	BL20	barley+lupins
758	3.58	5	BL20	barley+lupins
762	3.71	9	BL20	barley+lupins
766	3.32	13	BL20	barley+lupins
768	3.31	1	BL21	barley+lupins
772	3.39	5	BL21	barley+lupins
776	3.64	9	BL21	barley+lupins
780	3.04	13	BL21	barley+lupins
783	4.12	1	BL22	barley+lupins
787	3.2	5	BL22	barley+lupins
791	3.5	9	BL22	barley+lupins
795	3.92	13	BL22	barley+lupins
799	3.04	17	BL22	barley+lupins
802	3.92	1	BL23	barley+lupins
806	3.45	5	BL23	barley+lupins
810	3.5	9	BL23	barley+lupins
814	3.18	13	BL23	barley+lupins
816	3.78	1	BL24	barley+lupins
820	3.27	5	BL24	barley+lupins
824	3.24	9	BL24	barley+lupins
832	3.62	17	BL24	barley+lupins
835	4	1	BL25	barley+lupins
839	3.78	5	BL25	barley+lupins
843	3.94	9	BL25	barley+lupins
847	3.3	13	BL25	barley+lupins
849	4.37	1	BL26	barley+lupins
857	3.72	9	BL26	barley+lupins
861	3.65	13	BL26	barley+lupins
865	4.1	17	BL26	barley+lupins
867	3.79	1	BL27	barley+lupins
871	3.2	5	BL27	barley+lupins
874	3.25	9	BL27	barley+lupins
878	3.75	13	BL27	barley+lupins
882	3.75	17	BL27	barley+lupins
885	3.69	1	L01	lupins
889	3.09	5	L01	lupins
893	2.97	9	L01	lupins
897	3.77	13	L01	lupins
901	3.78	17	L01	lupins
904	4.2	1	L02	lupins
908	2.82	5	L02	lupins
912	3.2	9	L02	lupins
916	3.3	13	L02	lupins
920	3.28	17	L02	lupins
927	2.92	5	L03	lupins
935	3.22	13	L03	lupins
939	3.09	17	L03	lupins
942	3.13	1	L04	lupins
946	2.79	5	L04	lupins
950	3.59	9	L04	lupins
954	3.63	13	L04	lupins
961	3.73	1	L05	lupins
965	3.45	5	L05	lupins
969	3.44	9	L05	lupins
973	3.37	13	L05	lupins
977	3.56	17	L05	lupins
980	4.32	1	L06	lupins
984	3.57	5	L06	lupins
988	3.33	9	L06	lupins
992	3.24	13	L06	lupins
994	3.04	1	L07	lupins
998	2.61	5	L07	lupins
1006	3.04	13	L07	lupins
1010	2.89	17	L07	lupins
1013	3.84	1	L08	lupins
1017	3.41	5	L08	lupins
1021	3.47	9	L08	lupins
1025	3.55	13	L08	lupins
1029	3.15	17	L08	lupins
1031	3.98	1	L09	lupins
1035	2.84	5	L09	lupins
1039	3.17	9	L09	lupins
1043	3.07	13	L09	lupins
1047	3.13	17	L09	lupins
1050	4.18	1	L10	lupins
1054	3.65	5	L10	lupins
1058	3.44	9	L10	lupins
1065	4.2	1	L11	lupins
1069	3.45	5	L11	lupins
1073	3.38	9	L11	lupins
1077	3.18	13	L11	lupins
1079	4.1	1	L12	lupins
1086	3.74	9	L12	lupins
1090	3.31	13	L12	lupins
1092	3.25	1	L13	lupins
1096	3.52	5	L13	lupins
1100	3.9	9	L13	lupins
1107	3.34	1	L14	lupins
1111	3.3	5	L14	lupins
1119	2.79	13	L14	lupins
1125	2.83	5	L15	lupins
1129	3.35	9	L15	lupins
1133	3.04	13	L15	lupins
1136	4.13	1	L16	lupins
1140	2.74	5	L16	lupins
1144	2.9	9	L16	lupins
1148	3.2	13	L16	lupins
1152	2.96	17	L16	lupins
1155	3.21	1	L17	lupins
1159	3.48	5	L17	lupins
1161	3.96	9	L17	lupins
1164	3.52	13	L17	lupins
1167	3.9	1	L18	lupins
1175	3.6	9	L18	lupins
1179	3	13	L18	lupins
1187	3.2	5	L19	lupins
1195	3.17	13	L19	lupins
1199	3.26	17	L19	lupins
1206	3.06	5	L20	lupins
1210	3.05	9	L20	lupins
1214	3.58	13	L20	lupins
1218	3.19	17	L20	lupins
1221	2.69	1	L21	lupins
1225	3.46	5	L21	lupins
1229	2.88	9	L21	lupins
1233	3.2	13	L21	lupins
1237	3.04	17	L21	lupins
1240	4.3	1	L22	lupins
1244	3.1	5	L22	lupins
1247	3.6	9	L22	lupins
1251	3.75	13	L22	lupins
1255	3.32	17	L22	lupins
1258	4.06	1	L23	lupins
1262	4.2	5	L23	lupins
1266	3.84	9	L23	lupins
1270	3.37	13	L23	lupins
1272	3.88	1	L24	lupins
1280	3	9	L24	lupins
1284	3.51	13	L24	lupins
1288	3.6	17	L24	lupins
1291	3.95	1	L25	lupins
1299	3.35	9	L25	lupins
1303	3.2	13	L25	lupins
1305	3.67	1	L26	lupins
1309	2.94	5	L26	lupins
1313	3.6	9	L26	lupins
1317	4	13	L26	lupins
1324	4.27	1	L27	lupins
1328	3.95	5	L27	lupins
1332	3.92	9	L27	lupins
1336	3.67	13	L27	lupins
