protein	Time	Cow	Diet
2	3.57	2	B01	barley
6	3.73	6	B01	barley
10	3.82	10	B01	barley
14	4.02	14	B01	barley
18	4.44	18	B01	barley
21	3.25	2	B02	barley
25	3.33	6	B02	barley
29	3.32	10	B02	barley
33	3.45	14	B02	barley
37	3.17	18	B02	barley
40	3.6	2	B03	barley
44	3.25	6	B03	barley
48	3.22	10	B03	barley
52	2.64	14	B03	barley
58	3.11	6	B04	barley
62	3.18	10	B04	barley
66	3.37	14	B04	barley
70	3.28	18	B04	barley
72	3.76	2	B05	barley
76	3.53	6	B05	barley
80	3.87	10	B05	barley
84	3.87	14	B05	barley
88	3.5	18	B05	barley
91	3.71	2	B06	barley
95	3.73	6	B06	barley
99	3.88	10	B06	barley
103	3.42	14	B06	barley
105	3.6	2	B07	barley
109	3.42	6	B07	barley
113	3.73	10	B07	barley
117	3.32	14	B07	barley
121	3.17	18	B07	barley
123	3.86	2	B08	barley
127	3.57	6	B08	barley
130	3.78	10	B08	barley
134	4.06	14	B08	barley
138	3.6	18	B08	barley
141	3.42	2	B09	barley
145	3.13	6	B09	barley
149	3.28	10	B09	barley
153	3.52	14	B09	barley
157	4	18	B09	barley
160	3.89	2	B10	barley
164	3.27	6	B10	barley
168	3.65	10	B10	barley
172	3.91	14	B10	barley
176	3.97	18	B10	barley
179	3.59	2	B11	barley
183	3.6	6	B11	barley
187	3.75	10	B11	barley
191	3.87	14	B11	barley
195	3.56	18	B11	barley
198	3.76	2	B12	barley
202	3.26	6	B12	barley
205	3.7	10	B12	barley
208	3.13	14	B12	barley
210	3.9	2	B13	barley
214	3.4	6	B13	barley
218	3.42	10	B13	barley
222	3.13	14	B13	barley
224	3.33	2	B14	barley
228	3.24	6	B14	barley
232	2.93	10	B14	barley
236	2.75	14	B14	barley
238	4	2	B15	barley
242	3.63	6	B15	barley
246	3.55	10	B15	barley
250	3.22	14	B15	barley
253	3.22	2	B16	barley
257	3.15	6	B16	barley
261	3.51	10	B16	barley
265	3.52	14	B16	barley
269	3.66	2	B17	barley
273	3	6	B17	barley
277	3.29	10	B17	barley
281	3.46	14	B17	barley
285	3.36	18	B17	barley
288	3.85	2	B18	barley
292	3.28	6	B18	barley
296	3.55	10	B18	barley
300	3.78	14	B18	barley
304	3.85	18	B18	barley
307	3.75	2	B19	barley
311	3.84	6	B19	barley
315	3.41	10	B19	barley
319	3.75	14	B19	barley
323	3.88	18	B19	barley
329	2.97	6	B20	barley
333	3.58	10	B20	barley
337	3.7	14	B20	barley
341	3.53	18	B20	barley
344	3.1	2	B21	barley
348	3.35	6	B21	barley
352	3.61	10	B21	barley
356	3.32	14	B21	barley
360	3.86	2	B22	barley
364	3.24	6	B22	barley
368	3.6	10	B22	barley
372	4.12	14	B22	barley
376	3.5	18	B22	barley
379	3.79	2	B23	barley
383	3.66	6	B23	barley
387	3.37	10	B23	barley
391	3.23	14	B23	barley
393	3.84	2	B24	barley
397	3.5	6	B24	barley
401	3.47	10	B24	barley
405	3.76	14	B24	barley
409	3.8	18	B24	barley
412	3.61	2	B25	barley
416	3.47	6	B25	barley
420	3.5	10	B25	barley
424	3.35	14	B25	barley
427	3.38	2	BL01	barley+lupins
431	2.77	6	BL01	barley+lupins
435	3.57	10	BL01	barley+lupins
439	3.51	14	BL01	barley+lupins
443	3.52	18	BL01	barley+lupins
446	3.51	2	BL02	barley+lupins
450	3.46	6	BL02	barley+lupins
454	3.87	10	BL02	barley+lupins
462	3.52	18	BL02	barley+lupins
465	3.71	2	BL03	barley+lupins
469	3.11	6	BL03	barley+lupins
473	3.25	10	BL03	barley+lupins
477	3.54	14	BL03	barley+lupins
481	3.44	18	BL03	barley+lupins
484	3.86	2	BL04	barley+lupins
488	3.75	6	BL04	barley+lupins
492	3.63	10	BL04	barley+lupins
496	3.2	14	BL04	barley+lupins
498	3.45	2	BL05	barley+lupins
502	3.2	6	BL05	barley+lupins
506	3.25	10	BL05	barley+lupins
510	2.7	14	BL05	barley+lupins
512	3.37	2	BL06	barley+lupins
516	3.57	6	BL06	barley+lupins
524	3.47	14	BL06	barley+lupins
528	3.59	18	BL06	barley+lupins
531	3.14	2	BL07	barley+lupins
535	3.44	6	BL07	barley+lupins
539	3.68	10	BL07	barley+lupins
543	3.53	14	BL07	barley+lupins
547	3.33	2	BL08	barley+lupins
551	3.07	6	BL08	barley+lupins
555	3.35	10	BL08	barley+lupins
559	3.43	14	BL08	barley+lupins
563	3.27	18	BL08	barley+lupins
566	3.55	2	BL09	barley+lupins
570	3.58	6	BL09	barley+lupins
574	3.55	10	BL09	barley+lupins
578	2.97	14	BL09	barley+lupins
580	3.9	2	BL10	barley+lupins
584	3.64	6	BL10	barley+lupins
588	3.6	10	BL10	barley+lupins
592	3.15	14	BL10	barley+lupins
595	3.31	2	BL11	barley+lupins
599	3.17	6	BL11	barley+lupins
603	3.04	10	BL11	barley+lupins
607	3.09	14	BL11	barley+lupins
611	3.45	18	BL11	barley+lupins
614	3.56	2	BL12	barley+lupins
618	3.5	6	BL12	barley+lupins
622	3.25	10	BL12	barley+lupins
626	3.55	14	BL12	barley+lupins
630	3.2	18	BL12	barley+lupins
633	3.64	2	BL13	barley+lupins
637	2.75	6	BL13	barley+lupins
641	3.53	10	BL13	barley+lupins
645	3.53	14	BL13	barley+lupins
649	3.88	18	BL13	barley+lupins
652	3.62	2	BL14	barley+lupins
656	3.28	6	BL14	barley+lupins
660	3.48	10	BL14	barley+lupins
664	3.68	14	BL14	barley+lupins
668	3.52	18	BL14	barley+lupins
671	3.45	2	BL15	barley+lupins
675	3.26	6	BL15	barley+lupins
679	3.03	10	BL15	barley+lupins
683	3.05	14	BL15	barley+lupins
685	3.12	2	BL16	barley+lupins
689	3.08	6	BL16	barley+lupins
693	3.46	10	BL16	barley+lupins
697	3.36	14	BL16	barley+lupins
701	3.19	18	BL16	barley+lupins
704	4.09	2	BL17	barley+lupins
708	3.23	6	BL17	barley+lupins
712	3.74	10	BL17	barley+lupins
716	3.81	14	BL17	barley+lupins
720	3.15	18	BL17	barley+lupins
723	3.1	2	BL18	barley+lupins
727	3.11	6	BL18	barley+lupins
731	3.35	10	BL18	barley+lupins
734	3.11	14	BL18	barley+lupins
738	2.95	18	BL18	barley+lupins
740	3.4	2	BL19	barley+lupins
744	3.6	6	BL19	barley+lupins
748	3.68	10	BL19	barley+lupins
752	3.26	14	BL19	barley+lupins
755	3.6	2	BL20	barley+lupins
759	3.58	6	BL20	barley+lupins
763	3.37	10	BL20	barley+lupins
767	3.01	14	BL20	barley+lupins
769	3.42	2	BL21	barley+lupins
773	3.7	6	BL21	barley+lupins
777	3.5	10	BL21	barley+lupins
781	3.21	14	BL21	barley+lupins
784	3.25	2	BL22	barley+lupins
788	3.55	6	BL22	barley+lupins
792	3.9	10	BL22	barley+lupins
796	3.87	14	BL22	barley+lupins
800	3.45	18	BL22	barley+lupins
803	3.55	2	BL23	barley+lupins
807	3.48	6	BL23	barley+lupins
811	2.86	10	BL23	barley+lupins
815	3.05	14	BL23	barley+lupins
817	3.4	2	BL24	barley+lupins
821	3.69	6	BL24	barley+lupins
825	2.91	10	BL24	barley+lupins
829	3.3	14	BL24	barley+lupins
833	3.59	18	BL24	barley+lupins
836	3.74	2	BL25	barley+lupins
840	3.77	6	BL25	barley+lupins
844	3.94	10	BL25	barley+lupins
848	3.27	14	BL25	barley+lupins
850	4.06	2	BL26	barley+lupins
854	3.27	6	BL26	barley+lupins
858	3.25	10	BL26	barley+lupins
862	3.8	14	BL26	barley+lupins
866	3.57	18	BL26	barley+lupins
868	4.07	2	BL27	barley+lupins
872	3.99	6	BL27	barley+lupins
875	3.3	10	BL27	barley+lupins
879	3.67	14	BL27	barley+lupins
883	3.92	18	BL27	barley+lupins
886	3.38	2	L01	lupins
890	3.3	6	L01	lupins
894	3.6	10	L01	lupins
898	3.74	14	L01	lupins
902	3.77	18	L01	lupins
905	3.35	2	L02	lupins
909	3.05	6	L02	lupins
913	3.38	10	L02	lupins
917	3.17	14	L02	lupins
921	3.42	18	L02	lupins
924	3.04	2	L03	lupins
928	2.84	6	L03	lupins
932	3.05	10	L03	lupins
936	3.31	14	L03	lupins
943	3.34	2	L04	lupins
947	3	6	L04	lupins
951	3.28	10	L04	lupins
955	3.6	14	L04	lupins
959	3.34	18	L04	lupins
962	3.61	2	L05	lupins
970	3	10	L05	lupins
974	3.45	14	L05	lupins
978	3.63	18	L05	lupins
981	3.7	2	L06	lupins
985	3.28	6	L06	lupins
989	3.45	10	L06	lupins
993	2.93	14	L06	lupins
995	2.89	2	L07	lupins
999	3	6	L07	lupins
1003	3.25	10	L07	lupins
1007	2.95	14	L07	lupins
1011	2.75	18	L07	lupins
1014	3.51	2	L08	lupins
1018	3.49	6	L08	lupins
1022	3.3	10	L08	lupins
1026	3.43	14	L08	lupins
1030	2.95	18	L08	lupins
1032	3.3	2	L09	lupins
1036	2.92	6	L09	lupins
1040	3.15	10	L09	lupins
1044	3.05	14	L09	lupins
1048	3.17	18	L09	lupins
1051	4.12	2	L10	lupins
1055	3.54	6	L10	lupins
1059	3.32	10	L10	lupins
1063	2.88	14	L10	lupins
1066	3.4	2	L11	lupins
1070	3.3	6	L11	lupins
1074	3.07	10	L11	lupins
1078	3	14	L11	lupins
1080	3.59	2	L12	lupins
1083	3.33	6	L12	lupins
1087	3.51	10	L12	lupins
1091	3.22	14	L12	lupins
1093	3.75	2	L13	lupins
1097	2.72	6	L13	lupins
1101	3.76	10	L13	lupins
1105	3.35	14	L13	lupins
1108	3	2	L14	lupins
1116	2.45	10	L14	lupins
1120	2.88	14	L14	lupins
1122	3.35	2	L15	lupins
1126	3.15	6	L15	lupins
1130	3.11	10	L15	lupins
1134	3.05	14	L15	lupins
1137	3.12	2	L16	lupins
1141	3.24	6	L16	lupins
1145	3.2	10	L16	lupins
1149	3.14	14	L16	lupins
1153	2.9	18	L16	lupins
1156	3.52	2	L17	lupins
1160	4.3	6	L17	lupins
1165	3.35	14	L17	lupins
1168	3.19	2	L18	lupins
1172	3.45	6	L18	lupins
1176	3.76	10	L18	lupins
1180	3.29	14	L18	lupins
1184	3.12	2	L19	lupins
1188	2.82	6	L19	lupins
1192	2.8	10	L19	lupins
1196	3.26	14	L19	lupins
1200	3.7	18	L19	lupins
1203	3.42	2	L20	lupins
1207	3.1	6	L20	lupins
1211	3.05	10	L20	lupins
1215	3.36	14	L20	lupins
1219	3.29	18	L20	lupins
1222	3.39	2	L21	lupins
1226	3.14	6	L21	lupins
1230	3	10	L21	lupins
1234	3.13	14	L21	lupins
1238	3.2	18	L21	lupins
1241	3.37	2	L22	lupins
1245	3.64	6	L22	lupins
1248	3.55	10	L22	lupins
1252	3.75	14	L22	lupins
1256	3.31	18	L22	lupins
1259	3.85	2	L23	lupins
1263	3.9	6	L23	lupins
1267	3.46	10	L23	lupins
1271	3.2	14	L23	lupins
1273	3.81	2	L24	lupins
1277	3.35	6	L24	lupins
1281	3.12	10	L24	lupins
1285	3.21	14	L24	lupins
1289	3.45	18	L24	lupins
1292	3.22	2	L25	lupins
1296	3.34	6	L25	lupins
1300	3.25	10	L25	lupins
1304	3.04	14	L25	lupins
1306	3.26	2	L26	lupins
1310	3.3	6	L26	lupins
1314	3.78	10	L26	lupins
1318	3.87	14	L26	lupins
1322	3.35	18	L26	lupins
1325	3.95	2	L27	lupins
1329	3.45	6	L27	lupins
1333	3.34	10	L27	lupins
1337	3.25	14	L27	lupins
