protein	Time	Cow	Diet
3	3.47	3	B01	barley
15	4.13	15	B01	barley
22	3.29	3	B02	barley
30	3.31	11	B02	barley
34	3.12	15	B02	barley
55	3.05	3	B04	barley
59	3.05	7	B04	barley
63	3.14	11	B04	barley
67	3.3	15	B04	barley
73	3.68	3	B05	barley
77	3.6	7	B05	barley
81	3.61	11	B05	barley
85	3.6	15	B05	barley
92	3.42	3	B06	barley
100	3.71	11	B06	barley
106	3.52	3	B07	barley
110	3.66	7	B07	barley
114	3.72	11	B07	barley
118	2.95	15	B07	barley
128	3.47	7	B08	barley
131	3.98	11	B08	barley
135	4.05	15	B08	barley
142	3.51	3	B09	barley
150	3.75	11	B09	barley
154	3.77	15	B09	barley
161	3.65	3	B10	barley
169	3.53	11	B10	barley
173	3.73	15	B10	barley
180	3.55	3	B11	barley
184	3.5	7	B11	barley
188	3.75	11	B11	barley
199	3.6	3	B12	barley
203	3.73	7	B12	barley
211	3.73	3	B13	barley
215	3.49	7	B13	barley
219	3.46	11	B13	barley
225	3.25	3	B14	barley
229	3.16	7	B14	barley
233	2.84	11	B14	barley
239	3.57	3	B15	barley
243	3.45	7	B15	barley
247	3.13	11	B15	barley
251	2.92	15	B15	barley
254	3.62	3	B16	barley
258	3.52	7	B16	barley
262	3.38	11	B16	barley
266	3.48	15	B16	barley
270	3.28	3	B17	barley
274	3.15	7	B17	barley
278	3.16	11	B17	barley
282	3.48	15	B17	barley
293	3.42	7	B18	barley
301	3.82	15	B18	barley
308	3.82	3	B19	barley
312	3.62	7	B19	barley
316	3.15	11	B19	barley
320	3.72	15	B19	barley
326	3.27	3	B20	barley
330	3.57	7	B20	barley
334	3.7	11	B20	barley
338	3.6	15	B20	barley
345	3.9	3	B21	barley
349	3.65	7	B21	barley
353	3.66	11	B21	barley
357	3.22	15	B21	barley
361	3.34	3	B22	barley
365	3.71	7	B22	barley
369	4	11	B22	barley
373	3.98	15	B22	barley
380	3.68	3	B23	barley
384	3.57	7	B23	barley
388	3	11	B23	barley
394	3.46	3	B24	barley
402	3.4	11	B24	barley
406	3.68	15	B24	barley
417	3.6	7	B25	barley
421	3.08	11	B25	barley
425	3.14	15	B25	barley
428	3.1	3	BL01	barley+lupins
432	3.4	7	BL01	barley+lupins
436	3.8	11	BL01	barley+lupins
440	3.78	15	BL01	barley+lupins
447	3.19	3	BL02	barley+lupins
455	3.85	11	BL02	barley+lupins
459	3.4	15	BL02	barley+lupins
466	3.32	3	BL03	barley+lupins
470	3.29	7	BL03	barley+lupins
493	3.4	11	BL04	barley+lupins
499	3.56	3	BL05	barley+lupins
507	2.99	11	BL05	barley+lupins
517	3.38	7	BL06	barley+lupins
521	3.21	11	BL06	barley+lupins
525	3.45	15	BL06	barley+lupins
532	3.6	3	BL07	barley+lupins
540	3.58	11	BL07	barley+lupins
544	3.26	15	BL07	barley+lupins
552	2.9	7	BL08	barley+lupins
556	3.26	11	BL08	barley+lupins
560	3.57	15	BL08	barley+lupins
567	3.27	3	BL09	barley+lupins
571	3.55	7	BL09	barley+lupins
575	3.3	11	BL09	barley+lupins
581	2.75	3	BL10	barley+lupins
585	3.55	7	BL10	barley+lupins
589	3.65	11	BL10	barley+lupins
593	2.9	15	BL10	barley+lupins
596	3.3	3	BL11	barley+lupins
600	3.04	7	BL11	barley+lupins
604	3.46	11	BL11	barley+lupins
608	3.45	15	BL11	barley+lupins
615	3.58	3	BL12	barley+lupins
623	3.44	11	BL12	barley+lupins
627	3.65	15	BL12	barley+lupins
634	3.1	3	BL13	barley+lupins
638	3.15	7	BL13	barley+lupins
642	3.42	11	BL13	barley+lupins
646	3.59	15	BL13	barley+lupins
657	3.13	7	BL14	barley+lupins
661	3.34	11	BL14	barley+lupins
665	3.4	15	BL14	barley+lupins
672	3.28	3	BL15	barley+lupins
680	2.8	11	BL15	barley+lupins
686	2.87	3	BL16	barley+lupins
690	3.15	7	BL16	barley+lupins
694	3.33	11	BL16	barley+lupins
698	3.97	15	BL16	barley+lupins
709	3.1	7	BL17	barley+lupins
713	3.55	11	BL17	barley+lupins
717	3.97	15	BL17	barley+lupins
728	3.17	7	BL18	barley+lupins
732	3.3	11	BL18	barley+lupins
735	2.94	15	BL18	barley+lupins
741	3.5	3	BL19	barley+lupins
745	3.5	7	BL19	barley+lupins
749	3.2	11	BL19	barley+lupins
753	3.08	15	BL19	barley+lupins
756	3.5	3	BL20	barley+lupins
760	3.57	7	BL20	barley+lupins
774	3.47	7	BL21	barley+lupins
778	3.27	11	BL21	barley+lupins
782	3.04	15	BL21	barley+lupins
789	3.45	7	BL22	barley+lupins
793	3.3	11	BL22	barley+lupins
797	3.25	15	BL22	barley+lupins
804	3.74	3	BL23	barley+lupins
808	3.26	7	BL23	barley+lupins
812	3.65	11	BL23	barley+lupins
818	3.17	3	BL24	barley+lupins
822	3.24	7	BL24	barley+lupins
826	3	11	BL24	barley+lupins
830	3.22	15	BL24	barley+lupins
845	3.1	11	BL25	barley+lupins
851	3.77	3	BL26	barley+lupins
855	3.05	7	BL26	barley+lupins
859	3.55	11	BL26	barley+lupins
869	3.35	3	BL27	barley+lupins
873	3.54	7	BL27	barley+lupins
880	3.77	15	BL27	barley+lupins
887	3	3	L01	lupins
891	3.07	7	L01	lupins
895	3.42	11	L01	lupins
899	3.7	15	L01	lupins
906	3.37	3	L02	lupins
910	3.12	7	L02	lupins
914	3.25	11	L02	lupins
918	3.4	15	L02	lupins
925	2.8	3	L03	lupins
929	2.87	7	L03	lupins
933	3	11	L03	lupins
937	3.2	15	L03	lupins
944	3.34	3	L04	lupins
948	3.11	7	L04	lupins
952	3.49	11	L04	lupins
956	3.6	15	L04	lupins
963	3.82	3	L05	lupins
967	3.02	7	L05	lupins
971	3.42	11	L05	lupins
975	3.64	15	L05	lupins
986	3.38	7	L06	lupins
996	2.78	3	L07	lupins
1000	3.08	7	L07	lupins
1004	3.13	11	L07	lupins
1008	3.08	15	L07	lupins
1015	3.39	3	L08	lupins
1019	3.3	7	L08	lupins
1023	3.21	11	L08	lupins
1027	3.17	15	L08	lupins
1033	3.02	3	L09	lupins
1045	3.1	15	L09	lupins
1052	3.84	3	L10	lupins
1056	3.52	7	L10	lupins
1060	3.23	11	L10	lupins
1064	2.68	15	L10	lupins
1067	3.55	3	L11	lupins
1071	3.25	7	L11	lupins
1075	2.94	11	L11	lupins
1081	3.52	3	L12	lupins
1088	3.29	11	L12	lupins
1094	3.42	3	L13	lupins
1098	3.38	7	L13	lupins
1102	4.22	11	L13	lupins
1106	3.17	15	L13	lupins
1109	3.1	3	L14	lupins
1113	3	7	L14	lupins
1117	2.55	11	L14	lupins
1123	3.05	3	L15	lupins
1127	3.03	7	L15	lupins
1131	2.57	11	L15	lupins
1135	2.87	15	L15	lupins
1138	2.96	3	L16	lupins
1142	3.06	7	L16	lupins
1146	3.02	11	L16	lupins
1150	2.84	15	L16	lupins
1157	3.43	3	L17	lupins
1162	3.57	11	L17	lupins
1166	3.2	15	L17	lupins
1173	2.83	7	L18	lupins
1177	3.6	11	L18	lupins
1181	3.15	15	L18	lupins
1189	2.74	7	L19	lupins
1193	3.08	11	L19	lupins
1197	3.51	15	L19	lupins
1204	3.58	3	L20	lupins
1208	3.13	7	L20	lupins
1212	2.88	11	L20	lupins
1223	3.2	3	L21	lupins
1227	3.05	7	L21	lupins
1235	3.27	15	L21	lupins
1242	3.47	3	L22	lupins
1249	3.45	11	L22	lupins
1253	3.18	15	L22	lupins
1260	3.93	3	L23	lupins
1264	3.65	7	L23	lupins
1268	3.22	11	L23	lupins
1274	3.44	3	L24	lupins
1278	3.27	7	L24	lupins
1282	3.15	11	L24	lupins
1286	3.4	15	L24	lupins
1301	2.97	11	L25	lupins
1307	3.35	3	L26	lupins
1311	3.27	7	L26	lupins
1315	3.55	11	L26	lupins
1319	3.71	15	L26	lupins
1326	3.85	3	L27	lupins
1330	3.7	7	L27	lupins
1334	3.45	11	L27	lupins
