protein	Time	Cow	Diet
3	3.47	3	B01	barley
6	3.73	6	B01	barley
9	3.78	9	B01	barley
12	3.71	12	B01	barley
15	4.13	15	B01	barley
18	4.44	18	B01	barley
22	3.29	3	B02	barley
25	3.33	6	B02	barley
28	3.34	9	B02	barley
31	3.27	12	B02	barley
34	3.12	15	B02	barley
41	3.43	3	B03	barley
44	3.25	6	B03	barley
50	2.92	12	B03	barley
55	3.05	3	B04	barley
58	3.11	6	B04	barley
61	3.2	9	B04	barley
64	3.18	12	B04	barley
67	3.3	15	B04	barley
70	3.28	18	B04	barley
73	3.68	3	B05	barley
76	3.53	6	B05	barley
79	3.9	9	B05	barley
82	3.85	12	B05	barley
85	3.6	15	B05	barley
92	3.42	3	B06	barley
95	3.73	6	B06	barley
98	3.7	9	B06	barley
101	3.62	12	B06	barley
109	3.42	6	B07	barley
112	3.83	9	B07	barley
115	3.65	12	B07	barley
118	2.95	15	B07	barley
121	3.17	18	B07	barley
127	3.57	6	B08	barley
132	3.9	12	B08	barley
135	4.05	15	B08	barley
138	3.6	18	B08	barley
142	3.51	3	B09	barley
145	3.13	6	B09	barley
148	3.55	9	B09	barley
151	3.55	12	B09	barley
154	3.77	15	B09	barley
161	3.65	3	B10	barley
164	3.27	6	B10	barley
167	3.09	9	B10	barley
170	3.5	12	B10	barley
173	3.73	15	B10	barley
176	3.97	18	B10	barley
183	3.6	6	B11	barley
186	3.6	9	B11	barley
189	3.75	12	B11	barley
192	3.6	15	B11	barley
195	3.56	18	B11	barley
199	3.6	3	B12	barley
206	3.45	12	B12	barley
211	3.73	3	B13	barley
214	3.4	6	B13	barley
217	3.61	9	B13	barley
220	3.4	12	B13	barley
225	3.25	3	B14	barley
228	3.24	6	B14	barley
231	3.12	9	B14	barley
234	3.07	12	B14	barley
239	3.57	3	B15	barley
242	3.63	6	B15	barley
245	3.71	9	B15	barley
248	3.04	12	B15	barley
251	2.92	15	B15	barley
254	3.62	3	B16	barley
257	3.15	6	B16	barley
260	3.45	9	B16	barley
263	3	12	B16	barley
270	3.28	3	B17	barley
273	3	6	B17	barley
276	3.5	9	B17	barley
279	3.33	12	B17	barley
282	3.48	15	B17	barley
285	3.36	18	B17	barley
289	3.55	3	B18	barley
292	3.28	6	B18	barley
295	3.01	9	B18	barley
298	3.73	12	B18	barley
301	3.82	15	B18	barley
304	3.85	18	B18	barley
308	3.82	3	B19	barley
311	3.84	6	B19	barley
314	3.65	9	B19	barley
317	3.68	12	B19	barley
320	3.72	15	B19	barley
326	3.27	3	B20	barley
329	2.97	6	B20	barley
332	3.5	9	B20	barley
335	3.55	12	B20	barley
338	3.6	15	B20	barley
341	3.53	18	B20	barley
345	3.9	3	B21	barley
348	3.35	6	B21	barley
351	3.27	9	B21	barley
354	3.47	12	B21	barley
357	3.22	15	B21	barley
361	3.34	3	B22	barley
364	3.24	6	B22	barley
367	3.88	9	B22	barley
370	3.83	12	B22	barley
373	3.98	15	B22	barley
376	3.5	18	B22	barley
383	3.66	6	B23	barley
386	3.75	9	B23	barley
389	3.24	12	B23	barley
394	3.46	3	B24	barley
397	3.5	6	B24	barley
400	3.32	9	B24	barley
403	3.27	12	B24	barley
406	3.68	15	B24	barley
409	3.8	18	B24	barley
413	3.25	3	B25	barley
416	3.47	6	B25	barley
419	3.74	9	B25	barley
425	3.14	15	B25	barley
428	3.1	3	BL01	barley+lupins
431	2.77	6	BL01	barley+lupins
434	3.35	9	BL01	barley+lupins
437	3.7	12	BL01	barley+lupins
440	3.78	15	BL01	barley+lupins
443	3.52	18	BL01	barley+lupins
447	3.19	3	BL02	barley+lupins
450	3.46	6	BL02	barley+lupins
453	3.66	9	BL02	barley+lupins
456	3.9	12	BL02	barley+lupins
459	3.4	15	BL02	barley+lupins
462	3.52	18	BL02	barley+lupins
466	3.32	3	BL03	barley+lupins
469	3.11	6	BL03	barley+lupins
472	3.32	9	BL03	barley+lupins
475	3.31	12	BL03	barley+lupins
478	3.45	15	BL03	barley+lupins
481	3.44	18	BL03	barley+lupins
485	3.62	3	BL04	barley+lupins
491	3.62	9	BL04	barley+lupins
494	3.44	12	BL04	barley+lupins
499	3.56	3	BL05	barley+lupins
502	3.2	6	BL05	barley+lupins
505	3.28	9	BL05	barley+lupins
513	3.47	3	BL06	barley+lupins
516	3.57	6	BL06	barley+lupins
519	3.66	9	BL06	barley+lupins
525	3.45	15	BL06	barley+lupins
528	3.59	18	BL06	barley+lupins
532	3.6	3	BL07	barley+lupins
535	3.44	6	BL07	barley+lupins
538	3.57	9	BL07	barley+lupins
541	3.65	12	BL07	barley+lupins
544	3.26	15	BL07	barley+lupins
548	3.2	3	BL08	barley+lupins
551	3.07	6	BL08	barley+lupins
554	3.19	9	BL08	barley+lupins
557	3.4	12	BL08	barley+lupins
560	3.57	15	BL08	barley+lupins
563	3.27	18	BL08	barley+lupins
567	3.27	3	BL09	barley+lupins
570	3.58	6	BL09	barley+lupins
573	3.48	9	BL09	barley+lupins
576	3.32	12	BL09	barley+lupins
581	2.75	3	BL10	barley+lupins
584	3.64	6	BL10	barley+lupins
587	3.7	9	BL10	barley+lupins
590	3.55	12	BL10	barley+lupins
593	2.9	15	BL10	barley+lupins
596	3.3	3	BL11	barley+lupins
599	3.17	6	BL11	barley+lupins
602	3.14	9	BL11	barley+lupins
605	3.12	12	BL11	barley+lupins
608	3.45	15	BL11	barley+lupins
611	3.45	18	BL11	barley+lupins
615	3.58	3	BL12	barley+lupins
618	3.5	6	BL12	barley+lupins
621	3.02	9	BL12	barley+lupins
624	3.52	12	BL12	barley+lupins
627	3.65	15	BL12	barley+lupins
630	3.2	18	BL12	barley+lupins
634	3.1	3	BL13	barley+lupins
637	2.75	6	BL13	barley+lupins
640	3.03	9	BL13	barley+lupins
643	3.46	12	BL13	barley+lupins
646	3.59	15	BL13	barley+lupins
649	3.88	18	BL13	barley+lupins
653	3.55	3	BL14	barley+lupins
656	3.28	6	BL14	barley+lupins
659	3.02	9	BL14	barley+lupins
662	3.25	12	BL14	barley+lupins
665	3.4	15	BL14	barley+lupins
668	3.52	18	BL14	barley+lupins
672	3.28	3	BL15	barley+lupins
675	3.26	6	BL15	barley+lupins
678	3.23	9	BL15	barley+lupins
681	3.17	12	BL15	barley+lupins
686	2.87	3	BL16	barley+lupins
689	3.08	6	BL16	barley+lupins
692	3.2	9	BL16	barley+lupins
695	3.26	12	BL16	barley+lupins
698	3.97	15	BL16	barley+lupins
701	3.19	18	BL16	barley+lupins
705	3.54	3	BL17	barley+lupins
708	3.23	6	BL17	barley+lupins
711	3.6	9	BL17	barley+lupins
714	3.66	12	BL17	barley+lupins
717	3.97	15	BL17	barley+lupins
720	3.15	18	BL17	barley+lupins
724	3.14	3	BL18	barley+lupins
727	3.11	6	BL18	barley+lupins
730	3.52	9	BL18	barley+lupins
733	3.55	12	BL18	barley+lupins
735	2.94	15	BL18	barley+lupins
738	2.95	18	BL18	barley+lupins
741	3.5	3	BL19	barley+lupins
744	3.6	6	BL19	barley+lupins
747	3.66	9	BL19	barley+lupins
750	3.1	12	BL19	barley+lupins
753	3.08	15	BL19	barley+lupins
756	3.5	3	BL20	barley+lupins
762	3.71	9	BL20	barley+lupins
765	3.2	12	BL20	barley+lupins
770	3.24	3	BL21	barley+lupins
773	3.7	6	BL21	barley+lupins
776	3.64	9	BL21	barley+lupins
779	2.95	12	BL21	barley+lupins
782	3.04	15	BL21	barley+lupins
785	3.14	3	BL22	barley+lupins
788	3.55	6	BL22	barley+lupins
791	3.5	9	BL22	barley+lupins
794	3.7	12	BL22	barley+lupins
797	3.25	15	BL22	barley+lupins
800	3.45	18	BL22	barley+lupins
804	3.74	3	BL23	barley+lupins
807	3.48	6	BL23	barley+lupins
810	3.5	9	BL23	barley+lupins
813	3.17	12	BL23	barley+lupins
818	3.17	3	BL24	barley+lupins
824	3.24	9	BL24	barley+lupins
827	2.85	12	BL24	barley+lupins
830	3.22	15	BL24	barley+lupins
833	3.59	18	BL24	barley+lupins
837	3.48	3	BL25	barley+lupins
840	3.77	6	BL25	barley+lupins
843	3.94	9	BL25	barley+lupins
846	3.1	12	BL25	barley+lupins
851	3.77	3	BL26	barley+lupins
854	3.27	6	BL26	barley+lupins
857	3.72	9	BL26	barley+lupins
866	3.57	18	BL26	barley+lupins
869	3.35	3	BL27	barley+lupins
872	3.99	6	BL27	barley+lupins
874	3.25	9	BL27	barley+lupins
877	3.21	12	BL27	barley+lupins
880	3.77	15	BL27	barley+lupins
883	3.92	18	BL27	barley+lupins
887	3	3	L01	lupins
890	3.3	6	L01	lupins
893	2.97	9	L01	lupins
896	3.59	12	L01	lupins
899	3.7	15	L01	lupins
902	3.77	18	L01	lupins
906	3.37	3	L02	lupins
909	3.05	6	L02	lupins
912	3.2	9	L02	lupins
915	3.26	12	L02	lupins
918	3.4	15	L02	lupins
921	3.42	18	L02	lupins
925	2.8	3	L03	lupins
928	2.84	6	L03	lupins
931	2.87	9	L03	lupins
934	3.26	12	L03	lupins
937	3.2	15	L03	lupins
940	3.3	18	L03	lupins
944	3.34	3	L04	lupins
947	3	6	L04	lupins
950	3.59	9	L04	lupins
953	3.6	12	L04	lupins
956	3.6	15	L04	lupins
959	3.34	18	L04	lupins
963	3.82	3	L05	lupins
966	3.36	6	L05	lupins
969	3.44	9	L05	lupins
975	3.64	15	L05	lupins
978	3.63	18	L05	lupins
982	3.62	3	L06	lupins
985	3.28	6	L06	lupins
988	3.33	9	L06	lupins
991	3.28	12	L06	lupins
996	2.78	3	L07	lupins
999	3	6	L07	lupins
1002	2.8	9	L07	lupins
1008	3.08	15	L07	lupins
1011	2.75	18	L07	lupins
1015	3.39	3	L08	lupins
1018	3.49	6	L08	lupins
1021	3.47	9	L08	lupins
1024	3.64	12	L08	lupins
1027	3.17	15	L08	lupins
1030	2.95	18	L08	lupins
1033	3.02	3	L09	lupins
1036	2.92	6	L09	lupins
1039	3.17	9	L09	lupins
1045	3.1	15	L09	lupins
1048	3.17	18	L09	lupins
1052	3.84	3	L10	lupins
1055	3.54	6	L10	lupins
1058	3.44	9	L10	lupins
1064	2.68	15	L10	lupins
1067	3.55	3	L11	lupins
1070	3.3	6	L11	lupins
1073	3.38	9	L11	lupins
1076	3.17	12	L11	lupins
1081	3.52	3	L12	lupins
1083	3.33	6	L12	lupins
1086	3.74	9	L12	lupins
1089	3.31	12	L12	lupins
1094	3.42	3	L13	lupins
1097	2.72	6	L13	lupins
1100	3.9	9	L13	lupins
1106	3.17	15	L13	lupins
1109	3.1	3	L14	lupins
1112	3.26	6	L14	lupins
1115	3	9	L14	lupins
1118	2.97	12	L14	lupins
1123	3.05	3	L15	lupins
1126	3.15	6	L15	lupins
1129	3.35	9	L15	lupins
1132	2.67	12	L15	lupins
1135	2.87	15	L15	lupins
1141	3.24	6	L16	lupins
1144	2.9	9	L16	lupins
1147	2.87	12	L16	lupins
1153	2.9	18	L16	lupins
1157	3.43	3	L17	lupins
1161	3.96	9	L17	lupins
1163	3.29	12	L17	lupins
1166	3.2	15	L17	lupins
1169	3.53	3	L18	lupins
1172	3.45	6	L18	lupins
1175	3.6	9	L18	lupins
1178	3.18	12	L18	lupins
1181	3.15	15	L18	lupins
1185	3.33	3	L19	lupins
1188	2.82	6	L19	lupins
1191	3.02	9	L19	lupins
1194	3.04	12	L19	lupins
1197	3.51	15	L19	lupins
1200	3.7	18	L19	lupins
1204	3.58	3	L20	lupins
1207	3.1	6	L20	lupins
1213	3.52	12	L20	lupins
1216	3.4	15	L20	lupins
1219	3.29	18	L20	lupins
1223	3.2	3	L21	lupins
1226	3.14	6	L21	lupins
1229	2.88	9	L21	lupins
1232	3.38	12	L21	lupins
1235	3.27	15	L21	lupins
1238	3.2	18	L21	lupins
1242	3.47	3	L22	lupins
1245	3.64	6	L22	lupins
1247	3.6	9	L22	lupins
1250	3.59	12	L22	lupins
1253	3.18	15	L22	lupins
1256	3.31	18	L22	lupins
1260	3.93	3	L23	lupins
1263	3.9	6	L23	lupins
1266	3.84	9	L23	lupins
1269	3.33	12	L23	lupins
1274	3.44	3	L24	lupins
1277	3.35	6	L24	lupins
1280	3	9	L24	lupins
1283	2.9	12	L24	lupins
1286	3.4	15	L24	lupins
1289	3.45	18	L24	lupins
1293	3.38	3	L25	lupins
1296	3.34	6	L25	lupins
1299	3.35	9	L25	lupins
1302	3.14	12	L25	lupins
1307	3.35	3	L26	lupins
1310	3.3	6	L26	lupins
1313	3.6	9	L26	lupins
1316	3.55	12	L26	lupins
1319	3.71	15	L26	lupins
1322	3.35	18	L26	lupins
1326	3.85	3	L27	lupins
1329	3.45	6	L27	lupins
1332	3.92	9	L27	lupins
1335	3.19	12	L27	lupins
