plotID;Plot;Park;year;graze;Aspect;AspectCat;heatloadrel;slope;nativecov;litt;bare;height;htstdev;cov;presence;Species 
MT1;1;MT;2004;0;145.7839966;S;0.03;37.79050064;0;28.21;0;29.1875;16.1394977;0.552959236;0;GRSP
MT2;2;MT;2004;0;250.4629974;S;1.35;41.11719894;0.36;31.43;0.357142857;26.24285714;15.4126202;0.587307248;0;GRSP
MT3;3;MT;2004;0;261.8699951;S;2.06;35.3553009;1.43;11.07;9.285714286;23.20618557;15.46631969;0.666474016;0;GRSP
MT4;4;MT;2004;1;190.3049927;S;0.31;27.95079994;0;8.93;4.642857143;11.875;8.248197803;0.694585078;0;GRSP
MT5;5;MT;2004;1;273.6520081;N;1.83;58.86959839;1.07;18.57;7.857142857;19.31034483;10.45400818;0.541368281;1;GRSP
MT6;6;MT;2004;1;278.9729919;N;0.95;48.08850098;0.36;7.14;8.928571429;9.08;7.017553748;0.772858342;0;GRSP
PR4;4;PR;2004;1;328;N;0.03;38;11.07;7.5;24.28571429;8.727272727;9.403209574;1.077451097;1;GRSP
PR5;5;PR;2004;1;136;S;2.06;31;8.21;19.64;4.285714286;8.725274725;9.67822979;1.109217772;1;GRSP
PR6;6;PR;2004;1;138;S;0.7;27;0;22.86;8.214285714;8.337078652;6.156932198;0.738499954;0;GRSP
PR7;7;PR;2004;1;141;S;1.22;40;0.71;21.43;2.857142857;14.04444444;17.38261505;1.237686199;0;GRSP
PR8;8;PR;2004;1;147;S;0.93;33;2.86;11.79;1.785714286;21.03305785;16.95824966;0.806266487;0;GRSP
PR9;9;PR;2004;1;210;S;1.1;18;0.36;13.21;3.571428571;12.81372549;10.25586564;0.800381251;0;GRSP
VC1;1;VC;2004;1;71;N;0.36;75;3.93;23.57;3.571428571;17.09565217;9.349898126;0.546916727;0;GRSP
VC2;2;VC;2004;1;187;S;1.86;43;19.64;9.29;28.21428571;11.02380952;10.52132223;0.954418;0;GRSP
VC3;3;VC;2004;1;35;N;1.9;29;5;6.79;6.785714286;10.25;5.845225972;0.570265948;0;GRSP
VC4;4;VC;2004;0;158;S;0;26;0;27.5;4.642857143;7.392156863;4.481421343;0.606240023;0;GRSP
VC5;5;VC;2004;0;13;N;0.17;17;2.5;6.43;1.785714286;6.863636364;3.894320771;0.567384483;0;GRSP
VC6;6;VC;2004;0;348;N;0.86;24;0;9.64;0;10.86206897;4.605291677;0.423979234;0;GRSP
VC7;7;VC;2004;1;88;N;0.46;28;0;10.71;0;9.688888889;5.711499231;0.5894896;0;GRSP
VC8;8;VC;2004;1;348;N;0.86;29;18.57;8.57;0.357142857;14.56190476;10.02297727;0.688301251;0;GRSP
VC9;9;VC;2004;1;99;S;1.89;25;1.43;5;2.5;12.07608696;7.145633717;0.591717643;0;GRSP
VC10;10;VC;2004;0;304;N;0.84;36;7.14;14.29;5;8.013333333;5.238870657;0.653769217;0;GRSP
MT1;1;MT;2004;0;145.7839966;S;0.03;37.79050064;0;28.21;0;29.1875;16.1394977;0.552959236;0;HOLA
MT2;2;MT;2004;0;250.4629974;S;1.35;41.11719894;0.36;31.43;0.357142857;26.24285714;15.4126202;0.587307248;0;HOLA
MT3;3;MT;2004;0;261.8699951;S;2.06;35.3553009;1.43;11.07;9.285714286;23.20618557;15.46631969;0.666474016;0;HOLA
MT4;4;MT;2004;1;190.3049927;S;0.31;27.95079994;0;8.93;4.642857143;11.875;8.248197803;0.694585078;1;HOLA
MT5;5;MT;2004;1;273.6520081;N;1.83;58.86959839;1.07;18.57;7.857142857;19.31034483;10.45400818;0.541368281;1;HOLA
MT6;6;MT;2004;1;278.9729919;N;0.95;48.08850098;0.36;7.14;8.928571429;9.08;7.017553748;0.772858342;1;HOLA
PR4;4;PR;2004;1;328;N;0.03;38;11.07;7.5;24.28571429;8.727272727;9.403209574;1.077451097;1;HOLA
PR5;5;PR;2004;1;136;S;2.06;31;8.21;19.64;4.285714286;8.725274725;9.67822979;1.109217772;1;HOLA
PR6;6;PR;2004;1;138;S;0.7;27;0;22.86;8.214285714;8.337078652;6.156932198;0.738499954;0;HOLA
PR7;7;PR;2004;1;141;S;1.22;40;0.71;21.43;2.857142857;14.04444444;17.38261505;1.237686199;0;HOLA
PR8;8;PR;2004;1;147;S;0.93;33;2.86;11.79;1.785714286;21.03305785;16.95824966;0.806266487;0;HOLA
PR9;9;PR;2004;1;210;S;1.1;18;0.36;13.21;3.571428571;12.81372549;10.25586564;0.800381251;0;HOLA
VC1;1;VC;2004;1;71;N;0.36;75;3.93;23.57;3.571428571;17.09565217;9.349898126;0.546916727;0;HOLA
VC2;2;VC;2004;1;187;S;1.86;43;19.64;9.29;28.21428571;11.02380952;10.52132223;0.954418;1;HOLA
VC3;3;VC;2004;1;35;N;1.9;29;5;6.79;6.785714286;10.25;5.845225972;0.570265948;1;HOLA
VC4;4;VC;2004;0;158;S;0;26;0;27.5;4.642857143;7.392156863;4.481421343;0.606240023;1;HOLA
VC5;5;VC;2004;0;13;N;0.17;17;2.5;6.43;1.785714286;6.863636364;3.894320771;0.567384483;1;HOLA
VC6;6;VC;2004;0;348;N;0.86;24;0;9.64;0;10.86206897;4.605291677;0.423979234;1;HOLA
VC7;7;VC;2004;1;88;N;0.46;28;0;10.71;0;9.688888889;5.711499231;0.5894896;1;HOLA
VC8;8;VC;2004;1;348;N;0.86;29;18.57;8.57;0.357142857;14.56190476;10.02297727;0.688301251;0;HOLA
VC9;9;VC;2004;1;99;S;1.89;25;1.43;5;2.5;12.07608696;7.145633717;0.591717643;1;HOLA
VC10;10;VC;2004;0;304;N;0.84;36;7.14;14.29;5;8.013333333;5.238870657;0.653769217;0;HOLA
MT1;1;MT;2004;0;145.7839966;S;0.03;37.79050064;0;28.21;0;29.1875;16.1394977;0.552959236;0;WEME
MT2;2;MT;2004;0;250.4629974;S;1.35;41.11719894;0.36;31.43;0.357142857;26.24285714;15.4126202;0.587307248;1;WEME
MT3;3;MT;2004;0;261.8699951;S;2.06;35.3553009;1.43;11.07;9.285714286;23.20618557;15.46631969;0.666474016;0;WEME
MT4;4;MT;2004;1;190.3049927;S;0.31;27.95079994;0;8.93;4.642857143;11.875;8.248197803;0.694585078;1;WEME
MT5;5;MT;2004;1;273.6520081;N;1.83;58.86959839;1.07;18.57;7.857142857;19.31034483;10.45400818;0.541368281;1;WEME
MT6;6;MT;2004;1;278.9729919;N;0.95;48.08850098;0.36;7.14;8.928571429;9.08;7.017553748;0.772858342;0;WEME
PR4;4;PR;2004;1;328;N;0.03;38;11.07;7.5;24.28571429;8.727272727;9.403209574;1.077451097;0;WEME
PR5;5;PR;2004;1;136;S;2.06;31;8.21;19.64;4.285714286;8.725274725;9.67822979;1.109217772;1;WEME
PR6;6;PR;2004;1;138;S;0.7;27;0;22.86;8.214285714;8.337078652;6.156932198;0.738499954;0;WEME
PR7;7;PR;2004;1;141;S;1.22;40;0.71;21.43;2.857142857;14.04444444;17.38261505;1.237686199;1;WEME
PR8;8;PR;2004;1;147;S;0.93;33;2.86;11.79;1.785714286;21.03305785;16.95824966;0.806266487;0;WEME
PR9;9;PR;2004;1;210;S;1.1;18;0.36;13.21;3.571428571;12.81372549;10.25586564;0.800381251;0;WEME
VC1;1;VC;2004;1;71;N;0.36;75;3.93;23.57;3.571428571;17.09565217;9.349898126;0.546916727;1;WEME
VC2;2;VC;2004;1;187;S;1.86;43;19.64;9.29;28.21428571;11.02380952;10.52132223;0.954418;1;WEME
VC3;3;VC;2004;1;35;N;1.9;29;5;6.79;6.785714286;10.25;5.845225972;0.570265948;1;WEME
VC4;4;VC;2004;0;158;S;0;26;0;27.5;4.642857143;7.392156863;4.481421343;0.606240023;1;WEME
VC5;5;VC;2004;0;13;N;0.17;17;2.5;6.43;1.785714286;6.863636364;3.894320771;0.567384483;1;WEME
VC6;6;VC;2004;0;348;N;0.86;24;0;9.64;0;10.86206897;4.605291677;0.423979234;1;WEME
VC7;7;VC;2004;1;88;N;0.46;28;0;10.71;0;9.688888889;5.711499231;0.5894896;1;WEME
VC8;8;VC;2004;1;348;N;0.86;29;18.57;8.57;0.357142857;14.56190476;10.02297727;0.688301251;0;WEME
VC9;9;VC;2004;1;99;S;1.89;25;1.43;5;2.5;12.07608696;7.145633717;0.591717643;0;WEME
VC10;10;VC;2004;0;304;N;0.84;36;7.14;14.29;5;8.013333333;5.238870657;0.653769217;1;WEME
MT1;1;MT;2005;0;145.7839966;S;0.03;37.79050064;0.36;5;0;33.73770492;17.33853649;0.513921635;0;GRSP
MT2;2;MT;2005;0;250.4629974;S;1.35;41.11719894;2.86;6.43;1.785714286;22.04123711;11.57666252;0.525227439;0;GRSP
MT3;3;MT;2005;0;261.8699951;S;2.06;35.3553009;1.07;1.79;3.928571429;28.10447761;14.1343014;0.502919912;0;GRSP
MT4;4;MT;2005;1;190.3049927;S;0.31;27.95079994;0.36;0;0;44.68707483;81.74030065;1.829170984;0;GRSP
MT5;5;MT;2005;1;273.6520081;N;1.83;58.86959839;4.29;1.79;4.642857143;32.03731343;14.14873023;0.441632856;1;GRSP
MT6;6;MT;2005;1;278.9729919;N;0.95;48.08850098;19.29;4.64;9.285714286;13.578125;6.701286015;0.493535449;0;GRSP
MT7;7;MT;2005;1;284.743988;N;0.46;49.11719894;5;3.57;1.785714286;20.584;11.15158314;0.541759772;1;GRSP
MT8;8;MT;2005;1;262.875;S;1.49;60.46689987;8.57;1.79;5.714285714;15.86131387;9.391158609;0.592079489;0;GRSP
MT9;9;MT;2005;0;201.0379944;S;0.51;34.82099915;0.36;8.93;1.428571429;40.47368421;91.68484019;2.265295141;0;GRSP
MT10;10;MT;2005;0;228.0130005;S;0.31;33.63410187;2.5;5;0.714285714;28.11214953;15.46592548;0.55015094;0;GRSP
PR4;4;PR;2005;1;328;N;0.03;38;10;2.86;14.28571429;11.2;13.04582494;1.164805798;1;GRSP
PR5;5;PR;2005;1;136;S;2.06;31;11.07;1.79;6.071428571;11.48148148;10.23882853;0.891768937;1;GRSP
PR6;6;PR;2005;1;138;S;0.7;27;0.36;3.21;17.14285714;12.4;8.462188434;0.682434551;0;GRSP
PR7;7;PR;2005;1;141;S;1.22;40;0.71;5.36;1.071428571;8.398496241;5.633960674;0.670829695;0;GRSP
PR8;8;PR;2005;1;147;S;0.93;33;2.14;1.07;1.785714286;18.19402985;12.27166037;0.674488306;0;GRSP
PR9;9;PR;2005;1;210;S;1.1;18;0;2.14;2.857142857;19.51552795;14.66207079;0.7513028;0;GRSP
SU1;1;SU;2005;1;228.2299957;S;0.49;56.4815;11.43;3.93;5;18.11643836;10.71930921;0.591689658;1;GRSP
SU2;2;SU;2005;1;296.4400024;N;0.01;25.5469;41.79;1.79;9.642857143;12.0310559;7.074092133;0.587985975;0;GRSP
SU3;3;SU;2005;1;298.9339905;N;1.92;22.9953;40.36;2.5;5;12.49635036;6.303738489;0.504446363;1;GRSP
SU4;4;SU;2005;1;62.1026001;N;1.21;30;12.86;5;3.571428571;14.24025974;10.66424923;0.748880247;0;GRSP
SU5;5;SU;2005;1;117.6470032;S;1.98;2.96331;10.36;5;2.142857143;14.15833333;8.280782484;0.584869864;0;GRSP
SU6;6;SU;2005;1;83.50640106;N;0.32;30.9485;18.21;1.79;2.142857143;24.21301775;12.42509255;0.513157537;1;GRSP
SU7;7;SU;2005;0;167.2420044;S;2.02;13.5854;0;4.64;0.357142857;47.46596859;24.52512447;0.516688592;0;GRSP
SU8;8;SU;2005;0;175.3650055;S;1.04;9.28037;0;3.57;0.357142857;48.4789916;22.06494602;0.455144492;0;GRSP
SU9;9;SU;2005;0;249.5070038;S;2.01;26.42210007;1.43;11.79;0.714285714;35.4;17.02701359;0.480989084;0;GRSP
VC1;1;VC;2005;1;71;N;0.36;75;3.21;14.64;10;14.28244275;11.01975485;0.771559532;0;GRSP
VC2;2;VC;2005;1;187;S;1.86;43;16.43;5;24.28571429;20.95901639;89.81472183;4.285254621;0;GRSP
VC3;3;VC;2005;1;35;N;1.9;29;1.79;3.57;1.428571429;11.01818182;6.996698852;0.635013922;0;GRSP
VC4;4;VC;2005;0;158;S;0;26;0;1.43;0.357142857;29.09565217;11.02387673;0.378883988;0;GRSP
VC5;5;VC;2005;0;13;N;0.17;17;2.14;2.5;1.428571429;22.25;8.344633688;0.375039716;0;GRSP
VC6;6;VC;2005;0;348;N;0.86;24;0.36;0;0;21.88888889;9.931012033;0.453701057;0;GRSP
VC7;7;VC;2005;1;88;N;0.46;28;0;1.79;0;14.46;8.251623654;0.570651705;0;GRSP
VC8;8;VC;2005;1;348;N;0.86;29;8.21;3.21;1.785714286;10.7107438;5.758237602;0.537613233;0;GRSP
VC9;9;VC;2005;1;99;S;1.89;25;0.71;3.21;4.285714286;12.76041667;7.765978153;0.608599104;0;GRSP
VC10;10;VC;2005;0;304;N;0.84;36;14.64;4.29;0;18.453125;11.32265472;0.613590095;0;GRSP
MT1;1;MT;2005;0;145.7839966;S;0.03;37.79050064;0.36;5;0;33.73770492;17.33853649;0.513921635;0;HOLA
MT2;2;MT;2005;0;250.4629974;S;1.35;41.11719894;2.86;6.43;1.785714286;22.04123711;11.57666252;0.525227439;0;HOLA
MT3;3;MT;2005;0;261.8699951;S;2.06;35.3553009;1.07;1.79;3.928571429;28.10447761;14.1343014;0.502919912;0;HOLA
MT4;4;MT;2005;1;190.3049927;S;0.31;27.95079994;0.36;0;0;44.68707483;81.74030065;1.829170984;1;HOLA
MT5;5;MT;2005;1;273.6520081;N;1.83;58.86959839;4.29;1.79;4.642857143;32.03731343;14.14873023;0.441632856;0;HOLA
MT6;6;MT;2005;1;278.9729919;N;0.95;48.08850098;19.29;4.64;9.285714286;13.578125;6.701286015;0.493535449;1;HOLA
MT7;7;MT;2005;1;284.743988;N;0.46;49.11719894;5;3.57;1.785714286;20.584;11.15158314;0.541759772;0;HOLA
MT8;8;MT;2005;1;262.875;S;1.49;60.46689987;8.57;1.79;5.714285714;15.86131387;9.391158609;0.592079489;1;HOLA
MT9;9;MT;2005;0;201.0379944;S;0.51;34.82099915;0.36;8.93;1.428571429;40.47368421;91.68484019;2.265295141;0;HOLA
MT10;10;MT;2005;0;228.0130005;S;0.31;33.63410187;2.5;5;0.714285714;28.11214953;15.46592548;0.55015094;0;HOLA
PR4;4;PR;2005;1;328;N;0.03;38;10;2.86;14.28571429;11.2;13.04582494;1.164805798;1;HOLA
PR5;5;PR;2005;1;136;S;2.06;31;11.07;1.79;6.071428571;11.48148148;10.23882853;0.891768937;1;HOLA
PR6;6;PR;2005;1;138;S;0.7;27;0.36;3.21;17.14285714;12.4;8.462188434;0.682434551;1;HOLA
PR7;7;PR;2005;1;141;S;1.22;40;0.71;5.36;1.071428571;8.398496241;5.633960674;0.670829695;0;HOLA
PR8;8;PR;2005;1;147;S;0.93;33;2.14;1.07;1.785714286;18.19402985;12.27166037;0.674488306;0;HOLA
PR9;9;PR;2005;1;210;S;1.1;18;0;2.14;2.857142857;19.51552795;14.66207079;0.7513028;0;HOLA
SU1;1;SU;2005;1;228.2299957;S;0.49;56.4815;11.43;3.93;5;18.11643836;10.71930921;0.591689658;0;HOLA
SU2;2;SU;2005;1;296.4400024;N;0.01;25.5469;41.79;1.79;9.642857143;12.0310559;7.074092133;0.587985975;1;HOLA
SU3;3;SU;2005;1;298.9339905;N;1.92;22.9953;40.36;2.5;5;12.49635036;6.303738489;0.504446363;1;HOLA
SU4;4;SU;2005;1;62.1026001;N;1.21;30;12.86;5;3.571428571;14.24025974;10.66424923;0.748880247;0;HOLA
SU5;5;SU;2005;1;117.6470032;S;1.98;2.96331;10.36;5;2.142857143;14.15833333;8.280782484;0.584869864;0;HOLA
SU6;6;SU;2005;1;83.50640106;N;0.32;30.9485;18.21;1.79;2.142857143;24.21301775;12.42509255;0.513157537;0;HOLA
SU7;7;SU;2005;0;167.2420044;S;2.02;13.5854;0;4.64;0.357142857;47.46596859;24.52512447;0.516688592;0;HOLA
SU8;8;SU;2005;0;175.3650055;S;1.04;9.28037;0;3.57;0.357142857;48.4789916;22.06494602;0.455144492;0;HOLA
SU9;9;SU;2005;0;249.5070038;S;2.01;26.42210007;1.43;11.79;0.714285714;35.4;17.02701359;0.480989084;0;HOLA
VC1;1;VC;2005;1;71;N;0.36;75;3.21;14.64;10;14.28244275;11.01975485;0.771559532;0;HOLA
VC2;2;VC;2005;1;187;S;1.86;43;16.43;5;24.28571429;20.95901639;89.81472183;4.285254621;1;HOLA
VC3;3;VC;2005;1;35;N;1.9;29;1.79;3.57;1.428571429;11.01818182;6.996698852;0.635013922;1;HOLA
VC4;4;VC;2005;0;158;S;0;26;0;1.43;0.357142857;29.09565217;11.02387673;0.378883988;0;HOLA
VC5;5;VC;2005;0;13;N;0.17;17;2.14;2.5;1.428571429;22.25;8.344633688;0.375039716;0;HOLA
VC6;6;VC;2005;0;348;N;0.86;24;0.36;0;0;21.88888889;9.931012033;0.453701057;1;HOLA
VC7;7;VC;2005;1;88;N;0.46;28;0;1.79;0;14.46;8.251623654;0.570651705;1;HOLA
VC8;8;VC;2005;1;348;N;0.86;29;8.21;3.21;1.785714286;10.7107438;5.758237602;0.537613233;0;HOLA
VC9;9;VC;2005;1;99;S;1.89;25;0.71;3.21;4.285714286;12.76041667;7.765978153;0.608599104;1;HOLA
VC10;10;VC;2005;0;304;N;0.84;36;14.64;4.29;0;18.453125;11.32265472;0.613590095;1;HOLA
MT1;1;MT;2005;0;145.7839966;S;0.03;37.79050064;0.36;5;0;33.73770492;17.33853649;0.513921635;0;WEME
MT2;2;MT;2005;0;250.4629974;S;1.35;41.11719894;2.86;6.43;1.785714286;22.04123711;11.57666252;0.525227439;0;WEME
MT3;3;MT;2005;0;261.8699951;S;2.06;35.3553009;1.07;1.79;3.928571429;28.10447761;14.1343014;0.502919912;0;WEME
MT4;4;MT;2005;1;190.3049927;S;0.31;27.95079994;0.36;0;0;44.68707483;81.74030065;1.829170984;0;WEME
MT5;5;MT;2005;1;273.6520081;N;1.83;58.86959839;4.29;1.79;4.642857143;32.03731343;14.14873023;0.441632856;0;WEME
MT6;6;MT;2005;1;278.9729919;N;0.95;48.08850098;19.29;4.64;9.285714286;13.578125;6.701286015;0.493535449;0;WEME
MT7;7;MT;2005;1;284.743988;N;0.46;49.11719894;5;3.57;1.785714286;20.584;11.15158314;0.541759772;1;WEME
MT8;8;MT;2005;1;262.875;S;1.49;60.46689987;8.57;1.79;5.714285714;15.86131387;9.391158609;0.592079489;0;WEME
MT9;9;MT;2005;0;201.0379944;S;0.51;34.82099915;0.36;8.93;1.428571429;40.47368421;91.68484019;2.265295141;0;WEME
MT10;10;MT;2005;0;228.0130005;S;0.31;33.63410187;2.5;5;0.714285714;28.11214953;15.46592548;0.55015094;0;WEME
PR4;4;PR;2005;1;328;N;0.03;38;10;2.86;14.28571429;11.2;13.04582494;1.164805798;1;WEME
PR5;5;PR;2005;1;136;S;2.06;31;11.07;1.79;6.071428571;11.48148148;10.23882853;0.891768937;1;WEME
PR6;6;PR;2005;1;138;S;0.7;27;0.36;3.21;17.14285714;12.4;8.462188434;0.682434551;1;WEME
PR7;7;PR;2005;1;141;S;1.22;40;0.71;5.36;1.071428571;8.398496241;5.633960674;0.670829695;0;WEME
PR8;8;PR;2005;1;147;S;0.93;33;2.14;1.07;1.785714286;18.19402985;12.27166037;0.674488306;0;WEME
PR9;9;PR;2005;1;210;S;1.1;18;0;2.14;2.857142857;19.51552795;14.66207079;0.7513028;0;WEME
SU1;1;SU;2005;1;228.2299957;S;0.49;56.4815;11.43;3.93;5;18.11643836;10.71930921;0.591689658;0;WEME
SU2;2;SU;2005;1;296.4400024;N;0.01;25.5469;41.79;1.79;9.642857143;12.0310559;7.074092133;0.587985975;1;WEME
SU3;3;SU;2005;1;298.9339905;N;1.92;22.9953;40.36;2.5;5;12.49635036;6.303738489;0.504446363;1;WEME
SU4;4;SU;2005;1;62.1026001;N;1.21;30;12.86;5;3.571428571;14.24025974;10.66424923;0.748880247;0;WEME
SU5;5;SU;2005;1;117.6470032;S;1.98;2.96331;10.36;5;2.142857143;14.15833333;8.280782484;0.584869864;1;WEME
SU6;6;SU;2005;1;83.50640106;N;0.32;30.9485;18.21;1.79;2.142857143;24.21301775;12.42509255;0.513157537;1;WEME
SU7;7;SU;2005;0;167.2420044;S;2.02;13.5854;0;4.64;0.357142857;47.46596859;24.52512447;0.516688592;0;WEME
SU8;8;SU;2005;0;175.3650055;S;1.04;9.28037;0;3.57;0.357142857;48.4789916;22.06494602;0.455144492;0;WEME
SU9;9;SU;2005;0;249.5070038;S;2.01;26.42210007;1.43;11.79;0.714285714;35.4;17.02701359;0.480989084;0;WEME
VC1;1;VC;2005;1;71;N;0.36;75;3.21;14.64;10;14.28244275;11.01975485;0.771559532;0;WEME
VC2;2;VC;2005;1;187;S;1.86;43;16.43;5;24.28571429;20.95901639;89.81472183;4.285254621;1;WEME
VC3;3;VC;2005;1;35;N;1.9;29;1.79;3.57;1.428571429;11.01818182;6.996698852;0.635013922;0;WEME
VC4;4;VC;2005;0;158;S;0;26;0;1.43;0.357142857;29.09565217;11.02387673;0.378883988;1;WEME
VC5;5;VC;2005;0;13;N;0.17;17;2.14;2.5;1.428571429;22.25;8.344633688;0.375039716;1;WEME
VC6;6;VC;2005;0;348;N;0.86;24;0.36;0;0;21.88888889;9.931012033;0.453701057;1;WEME
VC7;7;VC;2005;1;88;N;0.46;28;0;1.79;0;14.46;8.251623654;0.570651705;1;WEME
VC8;8;VC;2005;1;348;N;0.86;29;8.21;3.21;1.785714286;10.7107438;5.758237602;0.537613233;1;WEME
VC9;9;VC;2005;1;99;S;1.89;25;0.71;3.21;4.285714286;12.76041667;7.765978153;0.608599104;1;WEME
VC10;10;VC;2005;0;304;N;0.84;36;14.64;4.29;0;18.453125;11.32265472;0.613590095;1;WEME
MT1;1;MT;2006;0;145.7839966;S;0.03;37.79050064;2.86;10.71428571;0.357142857;33.32835821;15.90184938;0.477126694;0;GRSP
MT2;2;MT;2006;0;250.4629974;S;1.35;41.11719894;2.14;10.71428571;1.071428571;25.3902439;13.68715693;0.539071503;0;GRSP
MT3;3;MT;2006;0;261.8699951;S;2.06;35.3553009;0;1.071428571;1.428571429;40.09340659;20.78346826;0.518376213;1;GRSP
MT4;4;MT;2006;1;190.3049927;S;0.31;27.95079994;0.71;10.35714286;6.785714286;20.96527778;13.97821141;0.666731515;0;GRSP
MT5;5;MT;2006;1;273.6520081;N;1.83;58.86959839;2.14;11.42857143;10;22.31496063;11.77547949;0.527694388;0;GRSP
MT6;6;MT;2006;1;278.9729919;N;0.95;48.08850098;8.21;6.428571429;13.92857143;11.16058394;9.068557166;0.812552212;0;GRSP
MT7;7;MT;2006;1;284.743988;N;0.46;49.11719894;2.5;10;8.214285714;16.546875;8.765411063;0.529732113;0;GRSP
MT8;8;MT;2006;1;262.875;S;1.49;60.46689987;1.79;6.428571429;14.28571429;14.84482759;7.907732537;0.532692784;0;GRSP
MT9;9;MT;2006;0;201.0379944;S;0.51;34.82099915;0;11.42857143;11.07142857;32.33613445;19.33131179;0.597823831;0;GRSP
MT10;10;MT;2006;0;228.0130005;S;0.31;33.63410187;0.36;1.785714286;0.357142857;44.22695035;20.4839201;0.463154704;0;GRSP
PR4;4;PR;2006;1;328;N;0.03;38;12.5;2.5;10.71428571;7.130434783;4.783967632;0.67092229;1;GRSP
PR5;5;PR;2006;1;136;S;2.06;31;2.5;6.071428571;13.57142857;5.7;3.808267132;0.668117041;1;GRSP
PR6;6;PR;2006;1;138;S;0.7;27;0;7.5;14.28571429;7.456521739;5.66348055;0.759533835;1;GRSP
PR7;7;PR;2006;1;141;S;1.22;40;0.71;1.071428571;1.071428571;14.29310345;9.292369232;0.650129572;0;GRSP
PR8;8;PR;2006;1;147;S;0.93;33;1.79;2.5;2.857142857;23.66891892;14.2520501;0.602141997;0;GRSP
PR9;9;PR;2006;1;210;S;1.1;18;0;4.642857143;2.142857143;16.21969697;11.34558756;0.699494422;0;GRSP
SU1;1;SU;2006;1;228.2299957;S;0.49;56.4815;13.21;10.71428571;5;13.16504854;8.743733989;0.664162685;0;GRSP
SU2;2;SU;2006;1;296.4400024;N;0.01;25.5469;25.36;2.5;17.5;11.12307692;9.11682607;0.819631666;0;GRSP
SU3;3;SU;2006;1;298.9339905;N;1.92;22.9953;15.71;8.571428571;5;9.485436893;5.80882371;0.612393902;1;GRSP
SU4;4;SU;2006;1;62.1026001;N;1.21;30;14.29;7.857142857;1.785714286;17.19708029;9.686132762;0.563242864;0;GRSP
SU5;5;SU;2006;1;117.6470032;S;1.98;2.96331;3.57;8.928571429;1.428571429;12.71578947;7.010119066;0.551292476;0;GRSP
SU6;6;SU;2006;1;83.50640106;N;0.32;30.9485;14.64;9.642857143;0.714285714;16.93129771;8.36953343;0.49432321;1;GRSP
SU7;7;SU;2006;0;167.2420044;S;2.02;13.5854;0.71;1.071428571;0.357142857;37.35031847;16.86935708;0.451652296;0;GRSP
SU8;8;SU;2006;0;175.3650055;S;1.04;9.28037;0;0.714285714;0;44.94630872;23.55952359;0.524170377;0;GRSP
SU9;9;SU;2006;0;249.5070038;S;2.01;26.42210007;0;3.571428571;0.714285714;35.856;17.35711437;0.484078379;0;GRSP
VC1;1;VC;2006;1;71;N;0.36;75;2.86;13.92857143;32.5;7;4.600053677;0.657150525;0;GRSP
VC2;2;VC;2006;1;187;S;1.86;43;11.79;6.785714286;14.64285714;9.521367521;6.674188948;0.700969575;0;GRSP
VC3;3;VC;2006;1;35;N;1.9;29;6.07;1.428571429;1.428571429;8.454545455;5.372402509;0.635445458;0;GRSP
VC4;4;VC;2006;0;158;S;0;26;0;2.857142857;0;23.20325203;10.44498417;0.450151735;0;GRSP
VC5;5;VC;2006;0;13;N;0.17;17;1.07;9.642857143;0.714285714;13.31578947;6.234002082;0.468166164;0;GRSP
VC6;6;VC;2006;0;348;N;0.86;24;0;0;0;28.74757282;11.3099977;0.393424439;0;GRSP
VC7;7;VC;2006;1;88;N;0.46;28;0;1.071428571;0.357142857;15.39189189;7.722618563;0.501732901;0;GRSP
VC8;8;VC;2006;1;348;N;0.86;29;4.64;11.42857143;1.071428571;8.814814815;4.96515637;0.563274042;0;GRSP
VC9;9;VC;2006;1;99;S;1.89;25;0.36;1.071428571;1.785714286;10.66981132;6.351185413;0.595248147;0;GRSP
VC10;10;VC;2006;0;304;N;0.84;36;12.5;15.71428571;0;16;8.555445761;0.53471536;0;GRSP
MT1;1;MT;2006;0;145.7839966;S;0.03;37.79050064;2.86;10.71428571;0.357142857;33.32835821;15.90184938;0.477126694;0;HOLA
MT2;2;MT;2006;0;250.4629974;S;1.35;41.11719894;2.14;10.71428571;1.071428571;25.3902439;13.68715693;0.539071503;0;HOLA
MT3;3;MT;2006;0;261.8699951;S;2.06;35.3553009;0;1.071428571;1.428571429;40.09340659;20.78346826;0.518376213;0;HOLA
MT4;4;MT;2006;1;190.3049927;S;0.31;27.95079994;0.71;10.35714286;6.785714286;20.96527778;13.97821141;0.666731515;1;HOLA
MT5;5;MT;2006;1;273.6520081;N;1.83;58.86959839;2.14;11.42857143;10;22.31496063;11.77547949;0.527694388;1;HOLA
MT6;6;MT;2006;1;278.9729919;N;0.95;48.08850098;8.21;6.428571429;13.92857143;11.16058394;9.068557166;0.812552212;1;HOLA
MT7;7;MT;2006;1;284.743988;N;0.46;49.11719894;2.5;10;8.214285714;16.546875;8.765411063;0.529732113;1;HOLA
MT8;8;MT;2006;1;262.875;S;1.49;60.46689987;1.79;6.428571429;14.28571429;14.84482759;7.907732537;0.532692784;0;HOLA
MT9;9;MT;2006;0;201.0379944;S;0.51;34.82099915;0;11.42857143;11.07142857;32.33613445;19.33131179;0.597823831;0;HOLA
MT10;10;MT;2006;0;228.0130005;S;0.31;33.63410187;0.36;1.785714286;0.357142857;44.22695035;20.4839201;0.463154704;0;HOLA
PR4;4;PR;2006;1;328;N;0.03;38;12.5;2.5;10.71428571;7.130434783;4.783967632;0.67092229;1;HOLA
PR5;5;PR;2006;1;136;S;2.06;31;2.5;6.071428571;13.57142857;5.7;3.808267132;0.668117041;1;HOLA
PR6;6;PR;2006;1;138;S;0.7;27;0;7.5;14.28571429;7.456521739;5.66348055;0.759533835;1;HOLA
PR7;7;PR;2006;1;141;S;1.22;40;0.71;1.071428571;1.071428571;14.29310345;9.292369232;0.650129572;1;HOLA
PR8;8;PR;2006;1;147;S;0.93;33;1.79;2.5;2.857142857;23.66891892;14.2520501;0.602141997;0;HOLA
PR9;9;PR;2006;1;210;S;1.1;18;0;4.642857143;2.142857143;16.21969697;11.34558756;0.699494422;0;HOLA
SU1;1;SU;2006;1;228.2299957;S;0.49;56.4815;13.21;10.71428571;5;13.16504854;8.743733989;0.664162685;1;HOLA
SU2;2;SU;2006;1;296.4400024;N;0.01;25.5469;25.36;2.5;17.5;11.12307692;9.11682607;0.819631666;1;HOLA
SU3;3;SU;2006;1;298.9339905;N;1.92;22.9953;15.71;8.571428571;5;9.485436893;5.80882371;0.612393902;1;HOLA
SU4;4;SU;2006;1;62.1026001;N;1.21;30;14.29;7.857142857;1.785714286;17.19708029;9.686132762;0.563242864;0;HOLA
SU5;5;SU;2006;1;117.6470032;S;1.98;2.96331;3.57;8.928571429;1.428571429;12.71578947;7.010119066;0.551292476;0;HOLA
SU6;6;SU;2006;1;83.50640106;N;0.32;30.9485;14.64;9.642857143;0.714285714;16.93129771;8.36953343;0.49432321;0;HOLA
SU7;7;SU;2006;0;167.2420044;S;2.02;13.5854;0.71;1.071428571;0.357142857;37.35031847;16.86935708;0.451652296;0;HOLA
SU8;8;SU;2006;0;175.3650055;S;1.04;9.28037;0;0.714285714;0;44.94630872;23.55952359;0.524170377;0;HOLA
SU9;9;SU;2006;0;249.5070038;S;2.01;26.42210007;0;3.571428571;0.714285714;35.856;17.35711437;0.484078379;0;HOLA
VC1;1;VC;2006;1;71;N;0.36;75;2.86;13.92857143;32.5;7;4.600053677;0.657150525;1;HOLA
VC2;2;VC;2006;1;187;S;1.86;43;11.79;6.785714286;14.64285714;9.521367521;6.674188948;0.700969575;0;HOLA
VC3;3;VC;2006;1;35;N;1.9;29;6.07;1.428571429;1.428571429;8.454545455;5.372402509;0.635445458;1;HOLA
VC4;4;VC;2006;0;158;S;0;26;0;2.857142857;0;23.20325203;10.44498417;0.450151735;0;HOLA
VC5;5;VC;2006;0;13;N;0.17;17;1.07;9.642857143;0.714285714;13.31578947;6.234002082;0.468166164;1;HOLA
VC6;6;VC;2006;0;348;N;0.86;24;0;0;0;28.74757282;11.3099977;0.393424439;1;HOLA
VC7;7;VC;2006;1;88;N;0.46;28;0;1.071428571;0.357142857;15.39189189;7.722618563;0.501732901;1;HOLA
VC8;8;VC;2006;1;348;N;0.86;29;4.64;11.42857143;1.071428571;8.814814815;4.96515637;0.563274042;0;HOLA
VC9;9;VC;2006;1;99;S;1.89;25;0.36;1.071428571;1.785714286;10.66981132;6.351185413;0.595248147;1;HOLA
VC10;10;VC;2006;0;304;N;0.84;36;12.5;15.71428571;0;16;8.555445761;0.53471536;0;HOLA
MT1;1;MT;2006;0;145.7839966;S;0.03;37.79050064;2.86;10.71428571;0.357142857;33.32835821;15.90184938;0.477126694;1;WEME
MT2;2;MT;2006;0;250.4629974;S;1.35;41.11719894;2.14;10.71428571;1.071428571;25.3902439;13.68715693;0.539071503;0;WEME
MT3;3;MT;2006;0;261.8699951;S;2.06;35.3553009;0;1.071428571;1.428571429;40.09340659;20.78346826;0.518376213;0;WEME
MT4;4;MT;2006;1;190.3049927;S;0.31;27.95079994;0.71;10.35714286;6.785714286;20.96527778;13.97821141;0.666731515;1;WEME
MT5;5;MT;2006;1;273.6520081;N;1.83;58.86959839;2.14;11.42857143;10;22.31496063;11.77547949;0.527694388;0;WEME
MT6;6;MT;2006;1;278.9729919;N;0.95;48.08850098;8.21;6.428571429;13.92857143;11.16058394;9.068557166;0.812552212;0;WEME
MT7;7;MT;2006;1;284.743988;N;0.46;49.11719894;2.5;10;8.214285714;16.546875;8.765411063;0.529732113;1;WEME
MT8;8;MT;2006;1;262.875;S;1.49;60.46689987;1.79;6.428571429;14.28571429;14.84482759;7.907732537;0.532692784;0;WEME
MT9;9;MT;2006;0;201.0379944;S;0.51;34.82099915;0;11.42857143;11.07142857;32.33613445;19.33131179;0.597823831;0;WEME
MT10;10;MT;2006;0;228.0130005;S;0.31;33.63410187;0.36;1.785714286;0.357142857;44.22695035;20.4839201;0.463154704;0;WEME
PR4;4;PR;2006;1;328;N;0.03;38;12.5;2.5;10.71428571;7.130434783;4.783967632;0.67092229;0;WEME
PR5;5;PR;2006;1;136;S;2.06;31;2.5;6.071428571;13.57142857;5.7;3.808267132;0.668117041;0;WEME
PR6;6;PR;2006;1;138;S;0.7;27;0;7.5;14.28571429;7.456521739;5.66348055;0.759533835;0;WEME
PR7;7;PR;2006;1;141;S;1.22;40;0.71;1.071428571;1.071428571;14.29310345;9.292369232;0.650129572;0;WEME
PR8;8;PR;2006;1;147;S;0.93;33;1.79;2.5;2.857142857;23.66891892;14.2520501;0.602141997;0;WEME
PR9;9;PR;2006;1;210;S;1.1;18;0;4.642857143;2.142857143;16.21969697;11.34558756;0.699494422;0;WEME
SU1;1;SU;2006;1;228.2299957;S;0.49;56.4815;13.21;10.71428571;5;13.16504854;8.743733989;0.664162685;0;WEME
SU2;2;SU;2006;1;296.4400024;N;0.01;25.5469;25.36;2.5;17.5;11.12307692;9.11682607;0.819631666;1;WEME
SU3;3;SU;2006;1;298.9339905;N;1.92;22.9953;15.71;8.571428571;5;9.485436893;5.80882371;0.612393902;1;WEME
SU4;4;SU;2006;1;62.1026001;N;1.21;30;14.29;7.857142857;1.785714286;17.19708029;9.686132762;0.563242864;0;WEME
SU5;5;SU;2006;1;117.6470032;S;1.98;2.96331;3.57;8.928571429;1.428571429;12.71578947;7.010119066;0.551292476;0;WEME
SU6;6;SU;2006;1;83.50640106;N;0.32;30.9485;14.64;9.642857143;0.714285714;16.93129771;8.36953343;0.49432321;1;WEME
SU7;7;SU;2006;0;167.2420044;S;2.02;13.5854;0.71;1.071428571;0.357142857;37.35031847;16.86935708;0.451652296;0;WEME
SU8;8;SU;2006;0;175.3650055;S;1.04;9.28037;0;0.714285714;0;44.94630872;23.55952359;0.524170377;0;WEME
SU9;9;SU;2006;0;249.5070038;S;2.01;26.42210007;0;3.571428571;0.714285714;35.856;17.35711437;0.484078379;0;WEME
VC1;1;VC;2006;1;71;N;0.36;75;2.86;13.92857143;32.5;7;4.600053677;0.657150525;0;WEME
VC2;2;VC;2006;1;187;S;1.86;43;11.79;6.785714286;14.64285714;9.521367521;6.674188948;0.700969575;0;WEME
VC3;3;VC;2006;1;35;N;1.9;29;6.07;1.428571429;1.428571429;8.454545455;5.372402509;0.635445458;1;WEME
VC4;4;VC;2006;0;158;S;0;26;0;2.857142857;0;23.20325203;10.44498417;0.450151735;1;WEME
VC5;5;VC;2006;0;13;N;0.17;17;1.07;9.642857143;0.714285714;13.31578947;6.234002082;0.468166164;1;WEME
VC6;6;VC;2006;0;348;N;0.86;24;0;0;0;28.74757282;11.3099977;0.393424439;1;WEME
VC7;7;VC;2006;1;88;N;0.46;28;0;1.071428571;0.357142857;15.39189189;7.722618563;0.501732901;1;WEME
VC8;8;VC;2006;1;348;N;0.86;29;4.64;11.42857143;1.071428571;8.814814815;4.96515637;0.563274042;1;WEME
VC9;9;VC;2006;1;99;S;1.89;25;0.36;1.071428571;1.785714286;10.66981132;6.351185413;0.595248147;1;WEME
VC10;10;VC;2006;0;304;N;0.84;36;12.5;15.71428571;0;16;8.555445761;0.53471536;1;WEME
MT1;1;MT;2007;0;145.7839966;S;0.03;37.79050064;0.36;19.64;0;23.43846154;12.46950006;0.532010176;1;GRSP
MT2;2;MT;2007;0;250.4629974;S;1.35;41.11719894;0.71;16.43;4.285714286;19.87962963;11.43017616;0.574969271;0;GRSP
MT3;3;MT;2007;0;261.8699951;S;2.06;35.3553009;3.21;17.86;0.714285714;24.32520325;12.22299361;0.502482692;0;GRSP
MT4;4;MT;2007;1;190.3049927;S;0.31;27.95079994;0;4.64;4.642857143;15.11111111;9.535575655;0.631030742;0;GRSP
MT5;5;MT;2007;1;273.6520081;N;1.83;58.86959839;0.71;3.21;6.785714286;21.18115942;10.39247026;0.490646902;0;GRSP
MT6;6;MT;2007;1;278.9729919;N;0.95;48.08850098;1.79;3.57;5.357142857;9.932692308;6.956542528;0.70036827;0;GRSP
MT7;7;MT;2007;1;284.743988;N;0.46;49.11719894;0.71;2.5;1.428571429;17.85950413;8.697035688;0.486969606;1;GRSP
MT8;8;MT;2007;1;262.875;S;1.49;60.46689987;1.07;5;12.5;12.47058824;8.222358449;0.659340064;0;GRSP
MT9;9;MT;2007;0;201.0379944;S;0.51;34.82099915;0;3.93;5.357142857;29.80898876;14.53903555;0.487739979;0;GRSP
MT10;10;MT;2007;0;228.0130005;S;0.31;33.63410187;3.21;33.21;0;21.6122449;13.27320582;0.614152111;1;GRSP
PR4;4;PR;2007;1;328;N;0.03;38;8.57;3.93;11.78571429;4.628571429;3.765485624;0.813530845;0;GRSP
PR5;5;PR;2007;1;136;S;2.06;31;0.71;7.14;2.5;4.3;2.889490014;0.671974422;0;GRSP
PR6;6;PR;2007;1;138;S;0.7;27;0.36;9.29;10.71428571;5.214285714;5.742075284;1.101219918;0;GRSP
PR7;7;PR;2007;1;141;S;1.22;40;0;2.14;2.142857143;13.8203125;12.16192173;0.880003381;0;GRSP
PR8;8;PR;2007;1;147;S;0.93;33;1.07;7.14;3.214285714;13.04132231;8.762987213;0.671940084;1;GRSP
PR9;9;PR;2007;1;210;S;1.1;18;0;8.57;9.642857143;12.10891089;12.93978438;1.068616699;0;GRSP
SU1;1;SU;2007;1;228.2299957;S;0.49;56.4815;3.57;8.93;5.714285714;11.73275862;8.116925696;0.691817326;0;GRSP
SU2;2;SU;2007;1;296.4400024;N;0.01;25.5469;22.5;5.36;7.857142857;10.04098361;7.998344396;0.796569809;1;GRSP
SU3;3;SU;2007;1;298.9339905;N;1.92;22.9953;12.14;10.71;3.214285714;10.53465347;7.334254368;0.696202717;1;GRSP
SU4;4;SU;2007;1;62.1026001;N;1.21;30;8.21;11.79;5.714285714;10.39285714;7.488558411;0.720548576;0;GRSP
SU5;5;SU;2007;1;117.6470032;S;1.98;2.96331;3.93;12.5;4.642857143;8.465909091;5.656750344;0.668179906;0;GRSP
SU6;6;SU;2007;1;83.50640106;N;0.32;30.9485;13.57;7.14;0.714285714;13.95364238;8.74020423;0.62637439;1;GRSP
SU7;7;SU;2007;0;167.2420044;S;2.02;13.5854;0;7.14;0;29.88888889;15.44778624;0.516840432;0;GRSP
SU8;8;SU;2007;0;175.3650055;S;1.04;9.28037;0;15;0;34.96428571;16.7729558;0.479716816;0;GRSP
SU9;9;SU;2007;0;249.5070038;S;2.01;26.42210007;0.36;14.29;0;28.16535433;14.38515757;0.51073945;0;GRSP
VC1;1;VC;2007;1;71;N;0.36;75;1.07;12.5;20.35714286;8.764705882;7.043255984;0.803592965;0;GRSP
VC2;2;VC;2007;1;187;S;1.86;43;5;10;30.71428571;7.052631579;7.166393304;1.016130394;0;GRSP
VC3;3;VC;2007;1;35;N;1.9;29;2.5;6.79;2.142857143;8.589473684;5.48982567;0.639134116;0;GRSP
VC4;4;VC;2007;0;158;S;0;26;0;34.29;0.357142857;18.67592593;15.82900963;0.847562241;1;GRSP
VC5;5;VC;2007;0;13;N;0.17;17;0;49.64;0;12.01492537;5.383736838;0.448087414;0;GRSP
VC6;6;VC;2007;0;348;N;0.86;24;0;47.86;0;14.29032258;6.626788894;0.463725634;0;GRSP
VC7;7;VC;2007;1;88;N;0.46;28;0;33.57;1.785714286;10.54098361;5.077971283;0.481736;0;GRSP
VC8;8;VC;2007;1;348;N;0.86;29;3.93;3.21;10.35714286;10.61607143;8.426946842;0.79379146;0;GRSP
VC9;9;VC;2007;1;99;S;1.89;25;0.71;3.21;5;7.166666667;4.806099411;0.670618522;0;GRSP
VC10;10;VC;2007;0;304;N;0.84;36;21.07;32.14;0.714285714;13.4893617;7.63937829;0.566326151;0;GRSP
MT1;1;MT;2007;0;145.7839966;S;0.03;37.79050064;0.36;19.64;0;23.43846154;12.46950006;0.532010176;0;HOLA
MT2;2;MT;2007;0;250.4629974;S;1.35;41.11719894;0.71;16.43;4.285714286;19.87962963;11.43017616;0.574969271;0;HOLA
MT3;3;MT;2007;0;261.8699951;S;2.06;35.3553009;3.21;17.86;0.714285714;24.32520325;12.22299361;0.502482692;0;HOLA
MT4;4;MT;2007;1;190.3049927;S;0.31;27.95079994;0;4.64;4.642857143;15.11111111;9.535575655;0.631030742;1;HOLA
MT5;5;MT;2007;1;273.6520081;N;1.83;58.86959839;0.71;3.21;6.785714286;21.18115942;10.39247026;0.490646902;1;HOLA
MT6;6;MT;2007;1;278.9729919;N;0.95;48.08850098;1.79;3.57;5.357142857;9.932692308;6.956542528;0.70036827;1;HOLA
MT7;7;MT;2007;1;284.743988;N;0.46;49.11719894;0.71;2.5;1.428571429;17.85950413;8.697035688;0.486969606;0;HOLA
MT8;8;MT;2007;1;262.875;S;1.49;60.46689987;1.07;5;12.5;12.47058824;8.222358449;0.659340064;0;HOLA
MT9;9;MT;2007;0;201.0379944;S;0.51;34.82099915;0;3.93;5.357142857;29.80898876;14.53903555;0.487739979;0;HOLA
MT10;10;MT;2007;0;228.0130005;S;0.31;33.63410187;3.21;33.21;0;21.6122449;13.27320582;0.614152111;0;HOLA
PR4;4;PR;2007;1;328;N;0.03;38;8.57;3.93;11.78571429;4.628571429;3.765485624;0.813530845;1;HOLA
PR5;5;PR;2007;1;136;S;2.06;31;0.71;7.14;2.5;4.3;2.889490014;0.671974422;1;HOLA
PR6;6;PR;2007;1;138;S;0.7;27;0.36;9.29;10.71428571;5.214285714;5.742075284;1.101219918;0;HOLA
PR7;7;PR;2007;1;141;S;1.22;40;0;2.14;2.142857143;13.8203125;12.16192173;0.880003381;0;HOLA
PR8;8;PR;2007;1;147;S;0.93;33;1.07;7.14;3.214285714;13.04132231;8.762987213;0.671940084;0;HOLA
PR9;9;PR;2007;1;210;S;1.1;18;0;8.57;9.642857143;12.10891089;12.93978438;1.068616699;1;HOLA
SU1;1;SU;2007;1;228.2299957;S;0.49;56.4815;3.57;8.93;5.714285714;11.73275862;8.116925696;0.691817326;0;HOLA
SU2;2;SU;2007;1;296.4400024;N;0.01;25.5469;22.5;5.36;7.857142857;10.04098361;7.998344396;0.796569809;1;HOLA
SU3;3;SU;2007;1;298.9339905;N;1.92;22.9953;12.14;10.71;3.214285714;10.53465347;7.334254368;0.696202717;1;HOLA
SU4;4;SU;2007;1;62.1026001;N;1.21;30;8.21;11.79;5.714285714;10.39285714;7.488558411;0.720548576;0;HOLA
SU5;5;SU;2007;1;117.6470032;S;1.98;2.96331;3.93;12.5;4.642857143;8.465909091;5.656750344;0.668179906;0;HOLA
SU6;6;SU;2007;1;83.50640106;N;0.32;30.9485;13.57;7.14;0.714285714;13.95364238;8.74020423;0.62637439;0;HOLA
SU7;7;SU;2007;0;167.2420044;S;2.02;13.5854;0;7.14;0;29.88888889;15.44778624;0.516840432;0;HOLA
SU8;8;SU;2007;0;175.3650055;S;1.04;9.28037;0;15;0;34.96428571;16.7729558;0.479716816;0;HOLA
SU9;9;SU;2007;0;249.5070038;S;2.01;26.42210007;0.36;14.29;0;28.16535433;14.38515757;0.51073945;0;HOLA
VC1;1;VC;2007;1;71;N;0.36;75;1.07;12.5;20.35714286;8.764705882;7.043255984;0.803592965;1;HOLA
VC2;2;VC;2007;1;187;S;1.86;43;5;10;30.71428571;7.052631579;7.166393304;1.016130394;1;HOLA
VC3;3;VC;2007;1;35;N;1.9;29;2.5;6.79;2.142857143;8.589473684;5.48982567;0.639134116;1;HOLA
VC4;4;VC;2007;0;158;S;0;26;0;34.29;0.357142857;18.67592593;15.82900963;0.847562241;0;HOLA
VC5;5;VC;2007;0;13;N;0.17;17;0;49.64;0;12.01492537;5.383736838;0.448087414;1;HOLA
VC6;6;VC;2007;0;348;N;0.86;24;0;47.86;0;14.29032258;6.626788894;0.463725634;0;HOLA
VC7;7;VC;2007;1;88;N;0.46;28;0;33.57;1.785714286;10.54098361;5.077971283;0.481736;0;HOLA
VC8;8;VC;2007;1;348;N;0.86;29;3.93;3.21;10.35714286;10.61607143;8.426946842;0.79379146;0;HOLA
VC9;9;VC;2007;1;99;S;1.89;25;0.71;3.21;5;7.166666667;4.806099411;0.670618522;1;HOLA
VC10;10;VC;2007;0;304;N;0.84;36;21.07;32.14;0.714285714;13.4893617;7.63937829;0.566326151;0;HOLA
MT1;1;MT;2007;0;145.7839966;S;0.03;37.79050064;0.36;19.64;0;23.43846154;12.46950006;0.532010176;0;WEME
MT2;2;MT;2007;0;250.4629974;S;1.35;41.11719894;0.71;16.43;4.285714286;19.87962963;11.43017616;0.574969271;0;WEME
MT3;3;MT;2007;0;261.8699951;S;2.06;35.3553009;3.21;17.86;0.714285714;24.32520325;12.22299361;0.502482692;0;WEME
MT4;4;MT;2007;1;190.3049927;S;0.31;27.95079994;0;4.64;4.642857143;15.11111111;9.535575655;0.631030742;0;WEME
MT5;5;MT;2007;1;273.6520081;N;1.83;58.86959839;0.71;3.21;6.785714286;21.18115942;10.39247026;0.490646902;0;WEME
MT6;6;MT;2007;1;278.9729919;N;0.95;48.08850098;1.79;3.57;5.357142857;9.932692308;6.956542528;0.70036827;0;WEME
MT7;7;MT;2007;1;284.743988;N;0.46;49.11719894;0.71;2.5;1.428571429;17.85950413;8.697035688;0.486969606;0;WEME
MT8;8;MT;2007;1;262.875;S;1.49;60.46689987;1.07;5;12.5;12.47058824;8.222358449;0.659340064;0;WEME
MT9;9;MT;2007;0;201.0379944;S;0.51;34.82099915;0;3.93;5.357142857;29.80898876;14.53903555;0.487739979;0;WEME
MT10;10;MT;2007;0;228.0130005;S;0.31;33.63410187;3.21;33.21;0;21.6122449;13.27320582;0.614152111;0;WEME
PR4;4;PR;2007;1;328;N;0.03;38;8.57;3.93;11.78571429;4.628571429;3.765485624;0.813530845;0;WEME
PR5;5;PR;2007;1;136;S;2.06;31;0.71;7.14;2.5;4.3;2.889490014;0.671974422;0;WEME
PR6;6;PR;2007;1;138;S;0.7;27;0.36;9.29;10.71428571;5.214285714;5.742075284;1.101219918;0;WEME
PR7;7;PR;2007;1;141;S;1.22;40;0;2.14;2.142857143;13.8203125;12.16192173;0.880003381;0;WEME
PR8;8;PR;2007;1;147;S;0.93;33;1.07;7.14;3.214285714;13.04132231;8.762987213;0.671940084;0;WEME
PR9;9;PR;2007;1;210;S;1.1;18;0;8.57;9.642857143;12.10891089;12.93978438;1.068616699;0;WEME
SU1;1;SU;2007;1;228.2299957;S;0.49;56.4815;3.57;8.93;5.714285714;11.73275862;8.116925696;0.691817326;0;WEME
SU2;2;SU;2007;1;296.4400024;N;0.01;25.5469;22.5;5.36;7.857142857;10.04098361;7.998344396;0.796569809;1;WEME
SU3;3;SU;2007;1;298.9339905;N;1.92;22.9953;12.14;10.71;3.214285714;10.53465347;7.334254368;0.696202717;0;WEME
SU4;4;SU;2007;1;62.1026001;N;1.21;30;8.21;11.79;5.714285714;10.39285714;7.488558411;0.720548576;0;WEME
SU5;5;SU;2007;1;117.6470032;S;1.98;2.96331;3.93;12.5;4.642857143;8.465909091;5.656750344;0.668179906;0;WEME
SU6;6;SU;2007;1;83.50640106;N;0.32;30.9485;13.57;7.14;0.714285714;13.95364238;8.74020423;0.62637439;1;WEME
SU7;7;SU;2007;0;167.2420044;S;2.02;13.5854;0;7.14;0;29.88888889;15.44778624;0.516840432;0;WEME
SU8;8;SU;2007;0;175.3650055;S;1.04;9.28037;0;15;0;34.96428571;16.7729558;0.479716816;0;WEME
SU9;9;SU;2007;0;249.5070038;S;2.01;26.42210007;0.36;14.29;0;28.16535433;14.38515757;0.51073945;0;WEME
VC1;1;VC;2007;1;71;N;0.36;75;1.07;12.5;20.35714286;8.764705882;7.043255984;0.803592965;0;WEME
VC2;2;VC;2007;1;187;S;1.86;43;5;10;30.71428571;7.052631579;7.166393304;1.016130394;1;WEME
VC3;3;VC;2007;1;35;N;1.9;29;2.5;6.79;2.142857143;8.589473684;5.48982567;0.639134116;1;WEME
VC4;4;VC;2007;0;158;S;0;26;0;34.29;0.357142857;18.67592593;15.82900963;0.847562241;1;WEME
VC5;5;VC;2007;0;13;N;0.17;17;0;49.64;0;12.01492537;5.383736838;0.448087414;0;WEME
VC6;6;VC;2007;0;348;N;0.86;24;0;47.86;0;14.29032258;6.626788894;0.463725634;0;WEME
VC7;7;VC;2007;1;88;N;0.46;28;0;33.57;1.785714286;10.54098361;5.077971283;0.481736;1;WEME
VC8;8;VC;2007;1;348;N;0.86;29;3.93;3.21;10.35714286;10.61607143;8.426946842;0.79379146;0;WEME
VC9;9;VC;2007;1;99;S;1.89;25;0.71;3.21;5;7.166666667;4.806099411;0.670618522;1;WEME
VC10;10;VC;2007;0;304;N;0.84;36;21.07;32.14;0.714285714;13.4893617;7.63937829;0.566326151;1;WEME
MT1;1;MT;2008;0;145.7839966;S;0.03;37.79050064;0.71;0.31;0.01;17.8;12.32;0.692134831;0;GRSP
MT2;2;MT;2008;0;250.4629974;S;1.35;41.11719894;1.43;0.28;0.05;14.17;9.75;0.688073394;0;GRSP
MT3;3;MT;2008;0;261.8699951;S;2.06;35.3553009;2.14;0.12;0.01;25.2;17.38;0.68968254;0;GRSP
MT4;4;MT;2008;1;190.3049927;S;0.31;27.95079994;1.07;0.11;0.08;6.37;5.62;0.882260597;0;GRSP
MT5;5;MT;2008;1;273.6520081;N;1.83;58.86959839;1.07;0.1;0.1;11.8;9.36;0.793220339;0;GRSP
MT6;6;MT;2008;1;278.9729919;N;0.95;48.08850098;1.07;0.11;0.19;3.06;3.39;1.107843137;0;GRSP
MT7;7;MT;2008;1;284.743988;N;0.46;49.11719894;0.71;0.11;0.05;7.82;6.66;0.851662404;0;GRSP
MT8;8;MT;2008;1;262.875;S;1.49;60.46689987;1.43;0.17;0.14;4.34;4.27;0.983870968;0;GRSP
MT9;9;MT;2008;0;201.0379944;S;0.51;34.82099915;0;0.16;0.05;22.42;16.27;0.725691347;0;GRSP
MT10;10;MT;2008;0;228.0130005;S;0.31;33.63410187;6.79;0.14;0;27.1;16.65;0.614391144;1;GRSP
PR4;4;PR;2008;1;328;N;0.03;38;10;0.08;0.15;1.91;1.82;0.952879581;0;GRSP
PR5;5;PR;2008;1;136;S;2.06;31;0.71;0.04;0.06;2.5;2.2;0.88;0;GRSP
PR6;6;PR;2008;1;138;S;0.7;27;0;0.06;0.11;2.7;3.53;1.307407407;0;GRSP
PR7;7;PR;2008;1;141;S;1.22;40;0;0.18;0.06;9.63;13.88;1.44132918;0;GRSP
PR8;8;PR;2008;1;147;S;0.93;33;1.07;0.09;0.05;11.83;11.78;0.995773457;0;GRSP
PR9;9;PR;2008;1;210;S;1.1;18;0;0.08;0.16;8.13;11.84;1.456334563;0;GRSP
SU1;1;SU;2008;1;228.2299957;S;0.49;56.4815;3.93;0.2;0.05;9.29;59.53;6.407965554;0;GRSP
SU2;2;SU;2008;1;296.4400024;N;0.01;25.5469;17.5;0.08;0.07;5.41;5.44;1.005545287;0;GRSP
SU3;3;SU;2008;1;298.9339905;N;1.92;22.9953;11.79;0.14;0.02;5.29;3.62;0.684310019;0;GRSP
SU4;4;SU;2008;1;62.1026001;N;1.21;30;8.57;0.13;0.22;5.92;59.66;10.0777027;0;GRSP
SU5;5;SU;2008;1;117.6470032;S;1.98;2.96331;5.71;0.09;0.13;3.39;3.47;1.02359882;0;GRSP
SU6;6;SU;2008;1;83.50640106;N;0.32;30.9485;20.36;0.08;0;12.91;59.49;4.608055771;0;GRSP
SU7;7;SU;2008;0;167.2420044;S;2.02;13.5854;0.36;0.04;0;27.8;15.75;0.566546763;0;GRSP
SU8;8;SU;2008;0;175.3650055;S;1.04;9.28037;0;0.1;0;35.28;19.07;0.54053288;0;GRSP
SU9;9;SU;2008;0;249.5070038;S;2.01;26.42210007;3.93;0.08;0;27.56;15.71;0.570029028;0;GRSP
VC1;1;VC;2008;1;71;N;0.36;75;1.43;0.1;0.21;4.49;4.66;1.037861915;0;GRSP
VC2;2;VC;2008;1;187;S;1.86;43;22.5;0.01;0.19;14.04;60.43;4.304131054;0;GRSP
VC3;3;VC;2008;1;35;N;1.9;29;10;0.06;0.04;6.33;4.82;0.761453397;0;GRSP
VC4;4;VC;2008;0;158;S;0;26;0;0.09;0.01;22.22;13.94;0.627362736;0;GRSP
VC5;5;VC;2008;0;13;N;0.17;17;0;0.03;0;21.47;10.54;0.490917559;0;GRSP
VC6;6;VC;2008;0;348;N;0.86;24;1.79;0.01;0;24.45;11.64;0.47607362;1;GRSP
VC7;7;VC;2008;1;88;N;0.46;28;0;0.1;0;7.96;6.16;0.773869347;1;GRSP
VC8;8;VC;2008;1;348;N;0.86;29;15;0.19;0.01;6.02;4.42;0.734219269;0;GRSP
VC9;9;VC;2008;1;99;S;1.89;25;1.43;0.05;0.04;6.73;5.11;0.759286776;0;GRSP
VC10;10;VC;2008;0;304;N;0.84;36;23.93;0.13;0;12.33;8.52;0.690997567;0;GRSP
VC15;15;VC;2008;0;185;S;0.97;27;18.21;0.06;0.02;18.01;11.69;0.649083842;0;GRSP
MT1;1;MT;2008;0;145.7839966;S;0.03;37.79050064;0.71;0.31;0.01;17.8;12.32;0.692134831;0;HOLA
MT2;2;MT;2008;0;250.4629974;S;1.35;41.11719894;1.43;0.28;0.05;14.17;9.75;0.688073394;0;HOLA
MT3;3;MT;2008;0;261.8699951;S;2.06;35.3553009;2.14;0.12;0.01;25.2;17.38;0.68968254;0;HOLA
MT4;4;MT;2008;1;190.3049927;S;0.31;27.95079994;1.07;0.11;0.08;6.37;5.62;0.882260597;1;HOLA
MT5;5;MT;2008;1;273.6520081;N;1.83;58.86959839;1.07;0.1;0.1;11.8;9.36;0.793220339;1;HOLA
MT6;6;MT;2008;1;278.9729919;N;0.95;48.08850098;1.07;0.11;0.19;3.06;3.39;1.107843137;1;HOLA
MT7;7;MT;2008;1;284.743988;N;0.46;49.11719894;0.71;0.11;0.05;7.82;6.66;0.851662404;1;HOLA
MT8;8;MT;2008;1;262.875;S;1.49;60.46689987;1.43;0.17;0.14;4.34;4.27;0.983870968;1;HOLA
MT9;9;MT;2008;0;201.0379944;S;0.51;34.82099915;0;0.16;0.05;22.42;16.27;0.725691347;0;HOLA
MT10;10;MT;2008;0;228.0130005;S;0.31;33.63410187;6.79;0.14;0;27.1;16.65;0.614391144;0;HOLA
PR4;4;PR;2008;1;328;N;0.03;38;10;0.08;0.15;1.91;1.82;0.952879581;1;HOLA
PR5;5;PR;2008;1;136;S;2.06;31;0.71;0.04;0.06;2.5;2.2;0.88;1;HOLA
PR6;6;PR;2008;1;138;S;0.7;27;0;0.06;0.11;2.7;3.53;1.307407407;1;HOLA
PR7;7;PR;2008;1;141;S;1.22;40;0;0.18;0.06;9.63;13.88;1.44132918;0;HOLA
PR8;8;PR;2008;1;147;S;0.93;33;1.07;0.09;0.05;11.83;11.78;0.995773457;0;HOLA
PR9;9;PR;2008;1;210;S;1.1;18;0;0.08;0.16;8.13;11.84;1.456334563;0;HOLA
SU1;1;SU;2008;1;228.2299957;S;0.49;56.4815;3.93;0.2;0.05;9.29;59.53;6.407965554;0;HOLA
SU2;2;SU;2008;1;296.4400024;N;0.01;25.5469;17.5;0.08;0.07;5.41;5.44;1.005545287;0;HOLA
SU3;3;SU;2008;1;298.9339905;N;1.92;22.9953;11.79;0.14;0.02;5.29;3.62;0.684310019;1;HOLA
SU4;4;SU;2008;1;62.1026001;N;1.21;30;8.57;0.13;0.22;5.92;59.66;10.0777027;0;HOLA
SU5;5;SU;2008;1;117.6470032;S;1.98;2.96331;5.71;0.09;0.13;3.39;3.47;1.02359882;0;HOLA
SU6;6;SU;2008;1;83.50640106;N;0.32;30.9485;20.36;0.08;0;12.91;59.49;4.608055771;0;HOLA
SU7;7;SU;2008;0;167.2420044;S;2.02;13.5854;0.36;0.04;0;27.8;15.75;0.566546763;0;HOLA
SU8;8;SU;2008;0;175.3650055;S;1.04;9.28037;0;0.1;0;35.28;19.07;0.54053288;0;HOLA
SU9;9;SU;2008;0;249.5070038;S;2.01;26.42210007;3.93;0.08;0;27.56;15.71;0.570029028;0;HOLA
VC1;1;VC;2008;1;71;N;0.36;75;1.43;0.1;0.21;4.49;4.66;1.037861915;1;HOLA
VC2;2;VC;2008;1;187;S;1.86;43;22.5;0.01;0.19;14.04;60.43;4.304131054;1;HOLA
VC3;3;VC;2008;1;35;N;1.9;29;10;0.06;0.04;6.33;4.82;0.761453397;1;HOLA
VC4;4;VC;2008;0;158;S;0;26;0;0.09;0.01;22.22;13.94;0.627362736;0;HOLA
VC5;5;VC;2008;0;13;N;0.17;17;0;0.03;0;21.47;10.54;0.490917559;0;HOLA
VC6;6;VC;2008;0;348;N;0.86;24;1.79;0.01;0;24.45;11.64;0.47607362;1;HOLA
VC7;7;VC;2008;1;88;N;0.46;28;0;0.1;0;7.96;6.16;0.773869347;1;HOLA
VC8;8;VC;2008;1;348;N;0.86;29;15;0.19;0.01;6.02;4.42;0.734219269;0;HOLA
VC9;9;VC;2008;1;99;S;1.89;25;1.43;0.05;0.04;6.73;5.11;0.759286776;1;HOLA
VC10;10;VC;2008;0;304;N;0.84;36;23.93;0.13;0;12.33;8.52;0.690997567;1;HOLA
VC15;15;VC;2008;0;185;S;0.97;27;18.21;0.06;0.02;18.01;11.69;0.649083842;0;HOLA
MT1;1;MT;2008;0;145.7839966;S;0.03;37.79050064;0.71;0.31;0.01;17.8;12.32;0.692134831;0;WEME
MT2;2;MT;2008;0;250.4629974;S;1.35;41.11719894;1.43;0.28;0.05;14.17;9.75;0.688073394;0;WEME
MT3;3;MT;2008;0;261.8699951;S;2.06;35.3553009;2.14;0.12;0.01;25.2;17.38;0.68968254;0;WEME
MT4;4;MT;2008;1;190.3049927;S;0.31;27.95079994;1.07;0.11;0.08;6.37;5.62;0.882260597;0;WEME
MT5;5;MT;2008;1;273.6520081;N;1.83;58.86959839;1.07;0.1;0.1;11.8;9.36;0.793220339;0;WEME
MT6;6;MT;2008;1;278.9729919;N;0.95;48.08850098;1.07;0.11;0.19;3.06;3.39;1.107843137;0;WEME
MT7;7;MT;2008;1;284.743988;N;0.46;49.11719894;0.71;0.11;0.05;7.82;6.66;0.851662404;0;WEME
MT8;8;MT;2008;1;262.875;S;1.49;60.46689987;1.43;0.17;0.14;4.34;4.27;0.983870968;0;WEME
MT9;9;MT;2008;0;201.0379944;S;0.51;34.82099915;0;0.16;0.05;22.42;16.27;0.725691347;0;WEME
MT10;10;MT;2008;0;228.0130005;S;0.31;33.63410187;6.79;0.14;0;27.1;16.65;0.614391144;0;WEME
PR4;4;PR;2008;1;328;N;0.03;38;10;0.08;0.15;1.91;1.82;0.952879581;0;WEME
PR5;5;PR;2008;1;136;S;2.06;31;0.71;0.04;0.06;2.5;2.2;0.88;1;WEME
PR6;6;PR;2008;1;138;S;0.7;27;0;0.06;0.11;2.7;3.53;1.307407407;0;WEME
PR7;7;PR;2008;1;141;S;1.22;40;0;0.18;0.06;9.63;13.88;1.44132918;0;WEME
PR8;8;PR;2008;1;147;S;0.93;33;1.07;0.09;0.05;11.83;11.78;0.995773457;0;WEME
PR9;9;PR;2008;1;210;S;1.1;18;0;0.08;0.16;8.13;11.84;1.456334563;0;WEME
SU1;1;SU;2008;1;228.2299957;S;0.49;56.4815;3.93;0.2;0.05;9.29;59.53;6.407965554;0;WEME
SU2;2;SU;2008;1;296.4400024;N;0.01;25.5469;17.5;0.08;0.07;5.41;5.44;1.005545287;1;WEME
SU3;3;SU;2008;1;298.9339905;N;1.92;22.9953;11.79;0.14;0.02;5.29;3.62;0.684310019;1;WEME
SU4;4;SU;2008;1;62.1026001;N;1.21;30;8.57;0.13;0.22;5.92;59.66;10.0777027;0;WEME
SU5;5;SU;2008;1;117.6470032;S;1.98;2.96331;5.71;0.09;0.13;3.39;3.47;1.02359882;1;WEME
SU6;6;SU;2008;1;83.50640106;N;0.32;30.9485;20.36;0.08;0;12.91;59.49;4.608055771;1;WEME
SU7;7;SU;2008;0;167.2420044;S;2.02;13.5854;0.36;0.04;0;27.8;15.75;0.566546763;0;WEME
SU8;8;SU;2008;0;175.3650055;S;1.04;9.28037;0;0.1;0;35.28;19.07;0.54053288;0;WEME
SU9;9;SU;2008;0;249.5070038;S;2.01;26.42210007;3.93;0.08;0;27.56;15.71;0.570029028;0;WEME
VC1;1;VC;2008;1;71;N;0.36;75;1.43;0.1;0.21;4.49;4.66;1.037861915;0;WEME
VC2;2;VC;2008;1;187;S;1.86;43;22.5;0.01;0.19;14.04;60.43;4.304131054;1;WEME
VC3;3;VC;2008;1;35;N;1.9;29;10;0.06;0.04;6.33;4.82;0.761453397;1;WEME
VC4;4;VC;2008;0;158;S;0;26;0;0.09;0.01;22.22;13.94;0.627362736;1;WEME
VC5;5;VC;2008;0;13;N;0.17;17;0;0.03;0;21.47;10.54;0.490917559;1;WEME
VC6;6;VC;2008;0;348;N;0.86;24;1.79;0.01;0;24.45;11.64;0.47607362;1;WEME
VC7;7;VC;2008;1;88;N;0.46;28;0;0.1;0;7.96;6.16;0.773869347;1;WEME
VC8;8;VC;2008;1;348;N;0.86;29;15;0.19;0.01;6.02;4.42;0.734219269;0;WEME
VC9;9;VC;2008;1;99;S;1.89;25;1.43;0.05;0.04;6.73;5.11;0.759286776;0;WEME
VC10;10;VC;2008;0;304;N;0.84;36;23.93;0.13;0;12.33;8.52;0.690997567;1;WEME
VC15;15;VC;2008;0;185;S;0.97;27;18.21;0.06;0.02;18.01;11.69;0.649083842;0;WEME
MT1;1;MT;2009;0;145.7839966;S;0.03;37.79050064;0.71;0.18;0.04;13.34;8.91;0.667916042;0;GRSP
MT2;2;MT;2009;0;250.4629974;S;1.35;41.11719894;2.5;0.15;0.05;12.03;7.19;0.597672485;0;GRSP
MT3;3;MT;2009;0;261.8699951;S;2.06;35.3553009;0.36;0.17;0.06;18.85;11.14;0.590981432;0;GRSP
MT4;4;MT;2009;1;190.3049927;S;0.31;27.95079994;0;0.08;0.12;6.88;5.83;0.847383721;0;GRSP
MT5;5;MT;2009;1;273.6520081;N;1.83;58.86959839;0;0.03;0.1;12.04;7.52;0.624584718;0;GRSP
MT6;6;MT;2009;1;278.9729919;N;0.95;48.08850098;3.93;0.06;0.14;4.62;4.17;0.902597403;0;GRSP
MT7;7;MT;2009;1;284.743988;N;0.46;49.11719894;2.14;0.03;0.07;8.48;5.99;0.706367925;0;GRSP
MT8;8;MT;2009;1;262.875;S;1.49;60.46689987;0.71;0.06;0.11;5.94;4.53;0.762626263;0;GRSP
MT9;9;MT;2009;0;201.0379944;S;0.51;34.82099915;0;0.12;0.02;19.06;9.58;0.502623295;0;GRSP
MT10;10;MT;2009;0;228.0130005;S;0.31;33.63410187;1.07;0.3;0.05;14.35;10.13;0.705923345;0;GRSP
PR4;4;PR;2009;1;328;N;0.03;38;22.14;0.01;0.02;15.41;15;0.9733939;1;GRSP
PR5;5;PR;2009;1;136;S;2.06;31;6.79;0.01;0.01;11.37;7;0.615655233;1;GRSP
PR6;6;PR;2009;1;138;S;0.7;27;0;0.01;0.03;15.44;10.2;0.660621762;1;GRSP
PR7;7;PR;2009;1;141;S;1.22;40;0.36;0.04;0.08;12.91;12.31;0.9535244;1;GRSP
PR8;8;PR;2009;1;147;S;0.93;33;2.5;0.04;0.08;13.53;12.38;0.915003695;0;GRSP
PR9;9;PR;2009;1;210;S;1.1;18;0;0.11;0.15;6.88;9.39;1.364825581;0;GRSP
SU1;1;SU;2009;1;228.2299957;S;0.49;56.4815;9.29;0.11;0.09;7.72;6.76;0.875647668;0;GRSP
SU2;2;SU;2009;1;296.4400024;N;0.01;25.5469;30;0.08;0.09;5.19;4.37;0.842003854;0;GRSP
SU3;3;SU;2009;1;298.9339905;N;1.92;22.9953;30.71;0.12;0.04;4.65;3.93;0.84516129;1;GRSP
SU4;4;SU;2009;1;62.1026001;N;1.21;30;13.93;0.03;0.18;11.86;84.01;7.083473862;0;GRSP
SU5;5;SU;2009;1;117.6470032;S;1.98;2.96331;19.29;0.05;0.06;8.06;6.1;0.756823821;0;GRSP
SU6;6;SU;2009;1;83.50640106;N;0.32;30.9485;20.71;0.03;0;14.34;8.04;0.560669456;0;GRSP
SU7;7;SU;2009;0;167.2420044;S;2.02;13.5854;0;0.04;0;40.64;16.25;0.399852362;0;GRSP
SU8;8;SU;2009;0;175.3650055;S;1.04;9.28037;0;0.12;0;33.41;16.41;0.491170308;0;GRSP
SU9;9;SU;2009;0;249.5070038;S;2.01;26.42210007;2.5;0.14;0;23.33;14.48;0.620660094;0;GRSP
VC1;1;VC;2009;1;71;N;0.36;75;0.36;0.13;0.2;6.13;6.25;1.019575856;0;GRSP
VC2;2;VC;2009;1;187;S;1.86;43;8.21;0.09;0.23;3.14;4.57;1.455414013;0;GRSP
VC3;3;VC;2009;1;35;N;1.9;29;5;0.03;0.01;7.17;4.24;0.591352859;0;GRSP
VC4;4;VC;2009;0;158;S;0;26;0;0.18;0;20.13;8.19;0.40685544;0;GRSP
VC5;5;VC;2009;0;13;N;0.17;17;0;0.19;0;14.77;5.61;0.379823968;1;GRSP
VC6;6;VC;2009;0;348;N;0.86;24;0;0.05;0;15.31;5.7;0.372305683;1;GRSP
VC7;7;VC;2009;1;88;N;0.46;28;0;0.13;0.03;6.77;4.3;0.635155096;0;GRSP
VC8;8;VC;2009;1;348;N;0.86;29;10.36;0.06;0.05;4.79;3.91;0.816283925;1;GRSP
VC9;9;VC;2009;1;99;S;1.89;25;0.71;0.04;0.04;8.09;5.17;0.639060569;0;GRSP
VC10;10;VC;2009;0;304;N;0.84;36;20.71;0.18;0;13.89;8.42;0.606191505;0;GRSP
VC15;15;VC;2009;0;185;S;0.97;27;5.36;0.14;0.03;13.68;8.32;0.608187135;1;GRSP
MT1;1;MT;2009;0;145.7839966;S;0.03;37.79050064;0.71;0.18;0.04;13.34;8.91;0.667916042;0;HOLA
MT2;2;MT;2009;0;250.4629974;S;1.35;41.11719894;2.5;0.15;0.05;12.03;7.19;0.597672485;0;HOLA
MT3;3;MT;2009;0;261.8699951;S;2.06;35.3553009;0.36;0.17;0.06;18.85;11.14;0.590981432;0;HOLA
MT4;4;MT;2009;1;190.3049927;S;0.31;27.95079994;0;0.08;0.12;6.88;5.83;0.847383721;1;HOLA
MT5;5;MT;2009;1;273.6520081;N;1.83;58.86959839;0;0.03;0.1;12.04;7.52;0.624584718;1;HOLA
MT6;6;MT;2009;1;278.9729919;N;0.95;48.08850098;3.93;0.06;0.14;4.62;4.17;0.902597403;1;HOLA
MT7;7;MT;2009;1;284.743988;N;0.46;49.11719894;2.14;0.03;0.07;8.48;5.99;0.706367925;1;HOLA
MT8;8;MT;2009;1;262.875;S;1.49;60.46689987;0.71;0.06;0.11;5.94;4.53;0.762626263;1;HOLA
MT9;9;MT;2009;0;201.0379944;S;0.51;34.82099915;0;0.12;0.02;19.06;9.58;0.502623295;0;HOLA
MT10;10;MT;2009;0;228.0130005;S;0.31;33.63410187;1.07;0.3;0.05;14.35;10.13;0.705923345;0;HOLA
PR4;4;PR;2009;1;328;N;0.03;38;22.14;0.01;0.02;15.41;15;0.9733939;1;HOLA
PR5;5;PR;2009;1;136;S;2.06;31;6.79;0.01;0.01;11.37;7;0.615655233;1;HOLA
PR6;6;PR;2009;1;138;S;0.7;27;0;0.01;0.03;15.44;10.2;0.660621762;0;HOLA
PR7;7;PR;2009;1;141;S;1.22;40;0.36;0.04;0.08;12.91;12.31;0.9535244;0;HOLA
PR8;8;PR;2009;1;147;S;0.93;33;2.5;0.04;0.08;13.53;12.38;0.915003695;0;HOLA
PR9;9;PR;2009;1;210;S;1.1;18;0;0.11;0.15;6.88;9.39;1.364825581;0;HOLA
SU1;1;SU;2009;1;228.2299957;S;0.49;56.4815;9.29;0.11;0.09;7.72;6.76;0.875647668;0;HOLA
SU2;2;SU;2009;1;296.4400024;N;0.01;25.5469;30;0.08;0.09;5.19;4.37;0.842003854;0;HOLA
SU3;3;SU;2009;1;298.9339905;N;1.92;22.9953;30.71;0.12;0.04;4.65;3.93;0.84516129;1;HOLA
SU4;4;SU;2009;1;62.1026001;N;1.21;30;13.93;0.03;0.18;11.86;84.01;7.083473862;0;HOLA
SU5;5;SU;2009;1;117.6470032;S;1.98;2.96331;19.29;0.05;0.06;8.06;6.1;0.756823821;0;HOLA
SU6;6;SU;2009;1;83.50640106;N;0.32;30.9485;20.71;0.03;0;14.34;8.04;0.560669456;0;HOLA
SU7;7;SU;2009;0;167.2420044;S;2.02;13.5854;0;0.04;0;40.64;16.25;0.399852362;0;HOLA
SU8;8;SU;2009;0;175.3650055;S;1.04;9.28037;0;0.12;0;33.41;16.41;0.491170308;0;HOLA
SU9;9;SU;2009;0;249.5070038;S;2.01;26.42210007;2.5;0.14;0;23.33;14.48;0.620660094;0;HOLA
VC1;1;VC;2009;1;71;N;0.36;75;0.36;0.13;0.2;6.13;6.25;1.019575856;0;HOLA
VC2;2;VC;2009;1;187;S;1.86;43;8.21;0.09;0.23;3.14;4.57;1.455414013;1;HOLA
VC3;3;VC;2009;1;35;N;1.9;29;5;0.03;0.01;7.17;4.24;0.591352859;1;HOLA
VC4;4;VC;2009;0;158;S;0;26;0;0.18;0;20.13;8.19;0.40685544;0;HOLA
VC5;5;VC;2009;0;13;N;0.17;17;0;0.19;0;14.77;5.61;0.379823968;0;HOLA
VC6;6;VC;2009;0;348;N;0.86;24;0;0.05;0;15.31;5.7;0.372305683;0;HOLA
VC7;7;VC;2009;1;88;N;0.46;28;0;0.13;0.03;6.77;4.3;0.635155096;1;HOLA
VC8;8;VC;2009;1;348;N;0.86;29;10.36;0.06;0.05;4.79;3.91;0.816283925;0;HOLA
VC9;9;VC;2009;1;99;S;1.89;25;0.71;0.04;0.04;8.09;5.17;0.639060569;0;HOLA
VC10;10;VC;2009;0;304;N;0.84;36;20.71;0.18;0;13.89;8.42;0.606191505;0;HOLA
VC15;15;VC;2009;0;185;S;0.97;27;5.36;0.14;0.03;13.68;8.32;0.608187135;1;HOLA
MT1;1;MT;2009;0;145.7839966;S;0.03;37.79050064;0.71;0.18;0.04;13.34;8.91;0.667916042;1;WEME
MT2;2;MT;2009;0;250.4629974;S;1.35;41.11719894;2.5;0.15;0.05;12.03;7.19;0.597672485;0;WEME
MT3;3;MT;2009;0;261.8699951;S;2.06;35.3553009;0.36;0.17;0.06;18.85;11.14;0.590981432;0;WEME
MT4;4;MT;2009;1;190.3049927;S;0.31;27.95079994;0;0.08;0.12;6.88;5.83;0.847383721;0;WEME
MT5;5;MT;2009;1;273.6520081;N;1.83;58.86959839;0;0.03;0.1;12.04;7.52;0.624584718;0;WEME
MT6;6;MT;2009;1;278.9729919;N;0.95;48.08850098;3.93;0.06;0.14;4.62;4.17;0.902597403;0;WEME
MT7;7;MT;2009;1;284.743988;N;0.46;49.11719894;2.14;0.03;0.07;8.48;5.99;0.706367925;0;WEME
MT8;8;MT;2009;1;262.875;S;1.49;60.46689987;0.71;0.06;0.11;5.94;4.53;0.762626263;0;WEME
MT9;9;MT;2009;0;201.0379944;S;0.51;34.82099915;0;0.12;0.02;19.06;9.58;0.502623295;0;WEME
MT10;10;MT;2009;0;228.0130005;S;0.31;33.63410187;1.07;0.3;0.05;14.35;10.13;0.705923345;0;WEME
PR4;4;PR;2009;1;328;N;0.03;38;22.14;0.01;0.02;15.41;15;0.9733939;1;WEME
PR5;5;PR;2009;1;136;S;2.06;31;6.79;0.01;0.01;11.37;7;0.615655233;0;WEME
PR6;6;PR;2009;1;138;S;0.7;27;0;0.01;0.03;15.44;10.2;0.660621762;0;WEME
PR7;7;PR;2009;1;141;S;1.22;40;0.36;0.04;0.08;12.91;12.31;0.9535244;1;WEME
PR8;8;PR;2009;1;147;S;0.93;33;2.5;0.04;0.08;13.53;12.38;0.915003695;0;WEME
PR9;9;PR;2009;1;210;S;1.1;18;0;0.11;0.15;6.88;9.39;1.364825581;0;WEME
SU1;1;SU;2009;1;228.2299957;S;0.49;56.4815;9.29;0.11;0.09;7.72;6.76;0.875647668;0;WEME
SU2;2;SU;2009;1;296.4400024;N;0.01;25.5469;30;0.08;0.09;5.19;4.37;0.842003854;0;WEME
SU3;3;SU;2009;1;298.9339905;N;1.92;22.9953;30.71;0.12;0.04;4.65;3.93;0.84516129;1;WEME
SU4;4;SU;2009;1;62.1026001;N;1.21;30;13.93;0.03;0.18;11.86;84.01;7.083473862;0;WEME
SU5;5;SU;2009;1;117.6470032;S;1.98;2.96331;19.29;0.05;0.06;8.06;6.1;0.756823821;0;WEME
SU6;6;SU;2009;1;83.50640106;N;0.32;30.9485;20.71;0.03;0;14.34;8.04;0.560669456;0;WEME
SU7;7;SU;2009;0;167.2420044;S;2.02;13.5854;0;0.04;0;40.64;16.25;0.399852362;0;WEME
SU8;8;SU;2009;0;175.3650055;S;1.04;9.28037;0;0.12;0;33.41;16.41;0.491170308;0;WEME
SU9;9;SU;2009;0;249.5070038;S;2.01;26.42210007;2.5;0.14;0;23.33;14.48;0.620660094;0;WEME
VC1;1;VC;2009;1;71;N;0.36;75;0.36;0.13;0.2;6.13;6.25;1.019575856;1;WEME
VC2;2;VC;2009;1;187;S;1.86;43;8.21;0.09;0.23;3.14;4.57;1.455414013;0;WEME
VC3;3;VC;2009;1;35;N;1.9;29;5;0.03;0.01;7.17;4.24;0.591352859;1;WEME
VC4;4;VC;2009;0;158;S;0;26;0;0.18;0;20.13;8.19;0.40685544;1;WEME
VC5;5;VC;2009;0;13;N;0.17;17;0;0.19;0;14.77;5.61;0.379823968;1;WEME
VC6;6;VC;2009;0;348;N;0.86;24;0;0.05;0;15.31;5.7;0.372305683;1;WEME
VC7;7;VC;2009;1;88;N;0.46;28;0;0.13;0.03;6.77;4.3;0.635155096;1;WEME
VC8;8;VC;2009;1;348;N;0.86;29;10.36;0.06;0.05;4.79;3.91;0.816283925;1;WEME
VC9;9;VC;2009;1;99;S;1.89;25;0.71;0.04;0.04;8.09;5.17;0.639060569;1;WEME
VC10;10;VC;2009;0;304;N;0.84;36;20.71;0.18;0;13.89;8.42;0.606191505;1;WEME
VC15;15;VC;2009;0;185;S;0.97;27;5.36;0.14;0.03;13.68;8.32;0.608187135;1;WEME
MT1;1;MT;2010;0;145.7839966;S;0.03;37.79050064;0.71;0.18;0.04;13.34;8.91;0.667916042;0;GRSP
MT2;2;MT;2010;0;250.4629974;S;1.35;41.11719894;2.5;0.15;0.05;12.03;7.19;0.597672485;0;GRSP
MT3;3;MT;2010;0;261.8699951;S;2.06;35.3553009;0.36;0.17;0.06;18.85;11.14;0.590981432;1;GRSP
MT4;4;MT;2010;1;190.3049927;S;0.31;27.95079994;0;0.08;0.12;6.88;5.83;0.847383721;0;GRSP
MT5;5;MT;2010;1;273.6520081;N;1.83;58.86959839;0;0.03;0.1;12.04;7.52;0.624584718;0;GRSP
MT6;6;MT;2010;1;278.9729919;N;0.95;48.08850098;3.93;0.06;0.14;4.62;4.17;0.902597403;1;GRSP
MT7;7;MT;2010;1;284.743988;N;0.46;49.11719894;2.14;0.03;0.07;8.48;5.99;0.706367925;0;GRSP
MT8;8;MT;2010;1;262.875;S;1.49;60.46689987;0.71;0.06;0.11;5.94;4.53;0.762626263;0;GRSP
MT9;9;MT;2010;0;201.0379944;S;0.51;34.82099915;0;0.12;0.02;19.06;9.58;0.502623295;0;GRSP
MT10;10;MT;2010;0;228.0130005;S;0.31;33.63410187;1.07;0.3;0.05;14.35;10.13;0.705923345;1;GRSP
PR4;4;PR;2010;1;328;N;0.03;38;22.14;0.01;0.02;15.41;15;0.9733939;0;GRSP
PR5;5;PR;2010;1;136;S;2.06;31;6.79;0.01;0.01;11.37;7;0.615655233;1;GRSP
PR6;6;PR;2010;1;138;S;0.7;27;0;0.01;0.03;15.44;10.2;0.660621762;0;GRSP
PR7;7;PR;2010;1;141;S;1.22;40;0.36;0.04;0.08;12.91;12.31;0.9535244;1;GRSP
PR8;8;PR;2010;1;147;S;0.93;33;2.5;0.04;0.08;13.53;12.38;0.915003695;0;GRSP
PR9;9;PR;2010;1;210;S;1.1;18;0;0.11;0.15;6.88;9.39;1.364825581;0;GRSP
SU1;1;SU;2010;1;228.2299957;S;0.49;56.4815;9.29;0.11;0.09;7.72;6.76;0.875647668;0;GRSP
SU2;2;SU;2010;1;296.4400024;N;0.01;25.5469;30;0.08;0.09;5.19;4.37;0.842003854;0;GRSP
SU3;3;SU;2010;1;298.9339905;N;1.92;22.9953;30.71;0.12;0.04;4.65;3.93;0.84516129;0;GRSP
SU4;4;SU;2010;1;62.1026001;N;1.21;30;13.93;0.03;0.18;11.86;84.01;7.083473862;0;GRSP
SU5;5;SU;2010;1;117.6470032;S;1.98;2.96331;19.29;0.05;0.06;8.06;6.1;0.756823821;1;GRSP
SU6;6;SU;2010;1;83.50640106;N;0.32;30.9485;20.71;0.03;0;14.34;8.04;0.560669456;0;GRSP
SU7;7;SU;2010;0;167.2420044;S;2.02;13.5854;0;0.04;0;40.64;16.25;0.399852362;0;GRSP
SU8;8;SU;2010;0;175.3650055;S;1.04;9.28037;0;0.12;0;33.41;16.41;0.491170308;0;GRSP
SU9;9;SU;2010;0;249.5070038;S;2.01;26.42210007;2.5;0.14;0;23.33;14.48;0.620660094;0;GRSP
VC1;1;VC;2010;1;71;N;0.36;75;0.36;0.13;0.2;6.13;6.25;1.019575856;0;GRSP
VC2;2;VC;2010;1;187;S;1.86;43;8.21;0.09;0.23;3.14;4.57;1.455414013;0;GRSP
VC3;3;VC;2010;1;35;N;1.9;29;5;0.03;0.01;7.17;4.24;0.591352859;0;GRSP
VC4;4;VC;2010;0;158;S;0;26;0;0.18;0;20.13;8.19;0.40685544;0;GRSP
VC5;5;VC;2010;0;13;N;0.17;17;0;0.19;0;14.77;5.61;0.379823968;0;GRSP
VC6;6;VC;2010;0;348;N;0.86;24;0;0.05;0;15.31;5.7;0.372305683;0;GRSP
VC7;7;VC;2010;1;88;N;0.46;28;0;0.13;0.03;6.77;4.3;0.635155096;0;GRSP
VC8;8;VC;2010;1;348;N;0.86;29;10.36;0.06;0.05;4.79;3.91;0.816283925;0;GRSP
VC9;9;VC;2010;1;99;S;1.89;25;0.71;0.04;0.04;8.09;5.17;0.639060569;0;GRSP
VC10;10;VC;2010;0;304;N;0.84;36;20.71;0.18;0;13.89;8.42;0.606191505;0;GRSP
VC15;15;VC;2010;0;185;S;0.97;27;5.36;0.14;0.03;13.68;8.32;0.608187135;0;GRSP
MT1;1;MT;2010;0;145.7839966;S;0.03;37.79050064;0.71;0.18;0.04;13.34;8.91;0.667916042;0;HOLA
MT2;2;MT;2010;0;250.4629974;S;1.35;41.11719894;2.5;0.15;0.05;12.03;7.19;0.597672485;0;HOLA
MT3;3;MT;2010;0;261.8699951;S;2.06;35.3553009;0.36;0.17;0.06;18.85;11.14;0.590981432;0;HOLA
MT4;4;MT;2010;1;190.3049927;S;0.31;27.95079994;0;0.08;0.12;6.88;5.83;0.847383721;1;HOLA
MT5;5;MT;2010;1;273.6520081;N;1.83;58.86959839;0;0.03;0.1;12.04;7.52;0.624584718;0;HOLA
MT6;6;MT;2010;1;278.9729919;N;0.95;48.08850098;3.93;0.06;0.14;4.62;4.17;0.902597403;1;HOLA
MT7;7;MT;2010;1;284.743988;N;0.46;49.11719894;2.14;0.03;0.07;8.48;5.99;0.706367925;1;HOLA
MT8;8;MT;2010;1;262.875;S;1.49;60.46689987;0.71;0.06;0.11;5.94;4.53;0.762626263;0;HOLA
MT9;9;MT;2010;0;201.0379944;S;0.51;34.82099915;0;0.12;0.02;19.06;9.58;0.502623295;0;HOLA
MT10;10;MT;2010;0;228.0130005;S;0.31;33.63410187;1.07;0.3;0.05;14.35;10.13;0.705923345;0;HOLA
PR4;4;PR;2010;1;328;N;0.03;38;22.14;0.01;0.02;15.41;15;0.9733939;1;HOLA
PR5;5;PR;2010;1;136;S;2.06;31;6.79;0.01;0.01;11.37;7;0.615655233;1;HOLA
PR6;6;PR;2010;1;138;S;0.7;27;0;0.01;0.03;15.44;10.2;0.660621762;1;HOLA
PR7;7;PR;2010;1;141;S;1.22;40;0.36;0.04;0.08;12.91;12.31;0.9535244;0;HOLA
PR8;8;PR;2010;1;147;S;0.93;33;2.5;0.04;0.08;13.53;12.38;0.915003695;0;HOLA
PR9;9;PR;2010;1;210;S;1.1;18;0;0.11;0.15;6.88;9.39;1.364825581;0;HOLA
SU1;1;SU;2010;1;228.2299957;S;0.49;56.4815;9.29;0.11;0.09;7.72;6.76;0.875647668;0;HOLA
SU2;2;SU;2010;1;296.4400024;N;0.01;25.5469;30;0.08;0.09;5.19;4.37;0.842003854;1;HOLA
SU3;3;SU;2010;1;298.9339905;N;1.92;22.9953;30.71;0.12;0.04;4.65;3.93;0.84516129;1;HOLA
SU4;4;SU;2010;1;62.1026001;N;1.21;30;13.93;0.03;0.18;11.86;84.01;7.083473862;0;HOLA
SU5;5;SU;2010;1;117.6470032;S;1.98;2.96331;19.29;0.05;0.06;8.06;6.1;0.756823821;0;HOLA
SU6;6;SU;2010;1;83.50640106;N;0.32;30.9485;20.71;0.03;0;14.34;8.04;0.560669456;0;HOLA
SU7;7;SU;2010;0;167.2420044;S;2.02;13.5854;0;0.04;0;40.64;16.25;0.399852362;0;HOLA
SU8;8;SU;2010;0;175.3650055;S;1.04;9.28037;0;0.12;0;33.41;16.41;0.491170308;0;HOLA
SU9;9;SU;2010;0;249.5070038;S;2.01;26.42210007;2.5;0.14;0;23.33;14.48;0.620660094;0;HOLA
VC1;1;VC;2010;1;71;N;0.36;75;0.36;0.13;0.2;6.13;6.25;1.019575856;0;HOLA
VC2;2;VC;2010;1;187;S;1.86;43;8.21;0.09;0.23;3.14;4.57;1.455414013;1;HOLA
VC3;3;VC;2010;1;35;N;1.9;29;5;0.03;0.01;7.17;4.24;0.591352859;1;HOLA
VC4;4;VC;2010;0;158;S;0;26;0;0.18;0;20.13;8.19;0.40685544;0;HOLA
VC5;5;VC;2010;0;13;N;0.17;17;0;0.19;0;14.77;5.61;0.379823968;0;HOLA
VC6;6;VC;2010;0;348;N;0.86;24;0;0.05;0;15.31;5.7;0.372305683;0;HOLA
VC7;7;VC;2010;1;88;N;0.46;28;0;0.13;0.03;6.77;4.3;0.635155096;1;HOLA
VC8;8;VC;2010;1;348;N;0.86;29;10.36;0.06;0.05;4.79;3.91;0.816283925;0;HOLA
VC9;9;VC;2010;1;99;S;1.89;25;0.71;0.04;0.04;8.09;5.17;0.639060569;1;HOLA
VC10;10;VC;2010;0;304;N;0.84;36;20.71;0.18;0;13.89;8.42;0.606191505;0;HOLA
VC15;15;VC;2010;0;185;S;0.97;27;5.36;0.14;0.03;13.68;8.32;0.608187135;0;HOLA
MT1;1;MT;2010;0;145.7839966;S;0.03;37.79050064;0.71;0.18;0.04;13.34;8.91;0.667916042;0;WEME
MT2;2;MT;2010;0;250.4629974;S;1.35;41.11719894;2.5;0.15;0.05;12.03;7.19;0.597672485;0;WEME
MT3;3;MT;2010;0;261.8699951;S;2.06;35.3553009;0.36;0.17;0.06;18.85;11.14;0.590981432;0;WEME
MT4;4;MT;2010;1;190.3049927;S;0.31;27.95079994;0;0.08;0.12;6.88;5.83;0.847383721;0;WEME
MT5;5;MT;2010;1;273.6520081;N;1.83;58.86959839;0;0.03;0.1;12.04;7.52;0.624584718;0;WEME
MT6;6;MT;2010;1;278.9729919;N;0.95;48.08850098;3.93;0.06;0.14;4.62;4.17;0.902597403;0;WEME
MT7;7;MT;2010;1;284.743988;N;0.46;49.11719894;2.14;0.03;0.07;8.48;5.99;0.706367925;0;WEME
MT8;8;MT;2010;1;262.875;S;1.49;60.46689987;0.71;0.06;0.11;5.94;4.53;0.762626263;0;WEME
MT9;9;MT;2010;0;201.0379944;S;0.51;34.82099915;0;0.12;0.02;19.06;9.58;0.502623295;0;WEME
MT10;10;MT;2010;0;228.0130005;S;0.31;33.63410187;1.07;0.3;0.05;14.35;10.13;0.705923345;0;WEME
PR4;4;PR;2010;1;328;N;0.03;38;22.14;0.01;0.02;15.41;15;0.9733939;0;WEME
PR5;5;PR;2010;1;136;S;2.06;31;6.79;0.01;0.01;11.37;7;0.615655233;1;WEME
PR6;6;PR;2010;1;138;S;0.7;27;0;0.01;0.03;15.44;10.2;0.660621762;1;WEME
PR7;7;PR;2010;1;141;S;1.22;40;0.36;0.04;0.08;12.91;12.31;0.9535244;0;WEME
PR8;8;PR;2010;1;147;S;0.93;33;2.5;0.04;0.08;13.53;12.38;0.915003695;0;WEME
PR9;9;PR;2010;1;210;S;1.1;18;0;0.11;0.15;6.88;9.39;1.364825581;0;WEME
SU1;1;SU;2010;1;228.2299957;S;0.49;56.4815;9.29;0.11;0.09;7.72;6.76;0.875647668;0;WEME
SU2;2;SU;2010;1;296.4400024;N;0.01;25.5469;30;0.08;0.09;5.19;4.37;0.842003854;1;WEME
SU3;3;SU;2010;1;298.9339905;N;1.92;22.9953;30.71;0.12;0.04;4.65;3.93;0.84516129;1;WEME
SU4;4;SU;2010;1;62.1026001;N;1.21;30;13.93;0.03;0.18;11.86;84.01;7.083473862;0;WEME
SU5;5;SU;2010;1;117.6470032;S;1.98;2.96331;19.29;0.05;0.06;8.06;6.1;0.756823821;1;WEME
SU6;6;SU;2010;1;83.50640106;N;0.32;30.9485;20.71;0.03;0;14.34;8.04;0.560669456;1;WEME
SU7;7;SU;2010;0;167.2420044;S;2.02;13.5854;0;0.04;0;40.64;16.25;0.399852362;0;WEME
SU8;8;SU;2010;0;175.3650055;S;1.04;9.28037;0;0.12;0;33.41;16.41;0.491170308;0;WEME
SU9;9;SU;2010;0;249.5070038;S;2.01;26.42210007;2.5;0.14;0;23.33;14.48;0.620660094;0;WEME
VC1;1;VC;2010;1;71;N;0.36;75;0.36;0.13;0.2;6.13;6.25;1.019575856;1;WEME
VC2;2;VC;2010;1;187;S;1.86;43;8.21;0.09;0.23;3.14;4.57;1.455414013;1;WEME
VC3;3;VC;2010;1;35;N;1.9;29;5;0.03;0.01;7.17;4.24;0.591352859;1;WEME
VC4;4;VC;2010;0;158;S;0;26;0;0.18;0;20.13;8.19;0.40685544;1;WEME
VC5;5;VC;2010;0;13;N;0.17;17;0;0.19;0;14.77;5.61;0.379823968;1;WEME
VC6;6;VC;2010;0;348;N;0.86;24;0;0.05;0;15.31;5.7;0.372305683;1;WEME
VC7;7;VC;2010;1;88;N;0.46;28;0;0.13;0.03;6.77;4.3;0.635155096;1;WEME
VC8;8;VC;2010;1;348;N;0.86;29;10.36;0.06;0.05;4.79;3.91;0.816283925;1;WEME
VC9;9;VC;2010;1;99;S;1.89;25;0.71;0.04;0.04;8.09;5.17;0.639060569;1;WEME
VC10;10;VC;2010;0;304;N;0.84;36;20.71;0.18;0;13.89;8.42;0.606191505;1;WEME
VC15;15;VC;2010;0;185;S;0.97;27;5.36;0.14;0.03;13.68;8.32;0.608187135;0;WEME
MT1;1;MT;2011;0;145.7839966;S;0.03;37.79050064;0.357142857;30;0;25.55;12.75988618;0.499408461;1;GRSP
MT2;2;MT;2011;0;250.4629974;S;1.35;41.11719894;2.857142857;15;0;26.83214286;12.35193464;0.460340969;0;GRSP
MT3;3;MT;2011;0;261.8699951;S;2.06;35.3553009;0;5;0.357142857;32.83571429;18.33366988;0.558345395;0;GRSP
MT4;4;MT;2011;1;190.3049927;S;0.31;27.95079994;0;17;0.714285714;15.24285714;9.670093148;0.634401612;0;GRSP
MT5;5;MT;2011;1;273.6520081;N;1.83;58.86959839;0;27;3.928571429;19.01071429;11.8900229;0.625437988;1;GRSP
MT6;6;MT;2011;1;278.9729919;N;0.95;48.08850098;0;35;11.07142857;40.55714286;597.2809869;14.72689999;1;GRSP
MT7;7;MT;2011;1;284.743988;N;0.46;49.11719894;0;13;0;16.91428571;7.493830881;0.443047434;1;GRSP
MT8;8;MT;2011;1;262.875;S;1.49;60.46689987;0.357142857;43;10.35714286;7.2;7.155417528;0.99380799;0;GRSP
MT9;9;MT;2011;0;201.0379944;S;0.51;34.82099915;0;33;7.857142857;20.45;15.00863551;0.733918607;0;GRSP
MT10;10;MT;2011;0;228.0130005;S;0.31;33.63410187;0.714285714;26;0.357142857;29.98928571;18.41019741;0.613892494;0;GRSP
PR4;4;PR;2011;1;328;N;0.03;38;8.571428571;23;10.35714286;5.2;4.591093138;0.882902527;1;GRSP
PR5;5;PR;2011;1;136;S;2.06;31;6.428571429;16;0.357142857;11.79285714;6.390513162;0.541896937;1;GRSP
PR6;6;PR;2011;1;138;S;0.7;27;0;41;3.571428571;8.885714286;6.547412649;0.736847083;1;GRSP
PR7;7;PR;2011;1;141;S;1.22;40;1.071428571;34;6.785714286;11.10357143;8.204814661;0.738934739;0;GRSP
PR8;8;PR;2011;1;147;S;0.93;33;2.142857143;11;4.285714286;13.56785714;8.680450312;0.639780492;0;GRSP
PR9;9;PR;2011;1;210;S;1.1;18;0;53;19.28571429;5.692857143;6.470109303;1.13653112;0;GRSP
SU1;1;SU;2011;1;228.2299957;S;0.49;56.4815;5;32;1.428571429;10.05714286;6.701812122;0.666373364;0;GRSP
SU2;2;SU;2011;1;296.4400024;N;0.01;25.5469;20.35714286;25;8.214285714;5.867857143;4.947071366;0.843079722;0;GRSP
SU3;3;SU;2011;1;298.9339905;N;1.92;22.9953;9.642857143;22;2.857142857;8.389285714;5.746299372;0.684956928;0;GRSP
SU4;4;SU;2011;1;62.1026001;N;1.21;30;7.142857143;19;0.714285714;10.325;6.90940479;0.669191747;1;GRSP
SU5;5;SU;2011;1;117.6470032;S;1.98;2.96331;0;18;2.5;11.28214286;7.347179186;0.65122196;1;GRSP
SU6;6;SU;2011;1;83.50640106;N;0.32;30.9485;17.14285714;14;0;17.11785714;9.557055738;0.558309119;1;GRSP
SU7;7;SU;2011;0;167.2420044;S;2.02;13.5854;0.357142857;17;0.357142857;37.41428571;18.56229875;0.496128642;0;GRSP
SU8;8;SU;2011;0;175.3650055;S;1.04;9.28037;0;8;0.357142857;40.55;21.13069927;0.521102325;0;GRSP
SU9;9;SU;2011;0;249.5070038;S;2.01;26.42210007;0;58;0;27.89285714;19.28681702;0.69146079;0;GRSP
VC1;1;VC;2011;1;71;N;0.36;75;3.214285714;13;1.428571429;23.225;13.70697243;0.590181805;0;GRSP
VC2;2;VC;2011;1;187;S;1.86;43;8.214285714;26;19.28571429;9.932142857;9.702327754;0.976861478;0;GRSP
VC3;3;VC;2011;1;35;N;1.9;29;2.5;1;0.357142857;22.09285714;9.74616655;0.441145592;0;GRSP
VC4;4;VC;2011;0;158;S;0;26;0;32;0;38.15;15.38557021;0.403291487;0;GRSP
VC5;5;VC;2011;0;13;N;0.17;17;0.357142857;20;0.714285714;22.93928571;9.858491211;0.429764524;0;GRSP
VC6;6;VC;2011;0;348;N;0.86;24;0.714285714;4;0.357142857;22.83928571;6.98225294;0.305712404;0;GRSP
VC7;7;VC;2011;1;88;N;0.46;28;0;8;0.357142857;19.42142857;10.0072145;0.515266653;0;GRSP
VC8;8;VC;2011;1;348;N;0.86;29;6.071428571;15;0.357142857;16.07857143;8.033146259;0.499618159;0;GRSP
VC9;9;VC;2011;1;99;S;1.89;25;0.714285714;2;0.357142857;24.2;12.5182018;0.517281066;1;GRSP
VC10;10;VC;2011;0;304;N;0.84;36;9.642857143;53;0;14.52142857;7.820538952;0.538551625;0;GRSP
VC15;15;VC;2011;0;185;S;0.97;27;5.714285714;11;2.142857143;21.44642857;10.64096305;0.496164805;0;GRSP
MT1;1;MT;2011;0;145.7839966;S;0.03;37.79050064;0.357142857;30;0;25.55;12.75988618;0.499408461;0;HOLA
MT2;2;MT;2011;0;250.4629974;S;1.35;41.11719894;2.857142857;15;0;26.83214286;12.35193464;0.460340969;0;HOLA
MT3;3;MT;2011;0;261.8699951;S;2.06;35.3553009;0;5;0.357142857;32.83571429;18.33366988;0.558345395;0;HOLA
MT4;4;MT;2011;1;190.3049927;S;0.31;27.95079994;0;17;0.714285714;15.24285714;9.670093148;0.634401612;1;HOLA
MT5;5;MT;2011;1;273.6520081;N;1.83;58.86959839;0;27;3.928571429;19.01071429;11.8900229;0.625437988;0;HOLA
MT6;6;MT;2011;1;278.9729919;N;0.95;48.08850098;0;35;11.07142857;40.55714286;597.2809869;14.72689999;1;HOLA
MT7;7;MT;2011;1;284.743988;N;0.46;49.11719894;0;13;0;16.91428571;7.493830881;0.443047434;0;HOLA
MT8;8;MT;2011;1;262.875;S;1.49;60.46689987;0.357142857;43;10.35714286;7.2;7.155417528;0.99380799;1;HOLA
MT9;9;MT;2011;0;201.0379944;S;0.51;34.82099915;0;33;7.857142857;20.45;15.00863551;0.733918607;0;HOLA
MT10;10;MT;2011;0;228.0130005;S;0.31;33.63410187;0.714285714;26;0.357142857;29.98928571;18.41019741;0.613892494;0;HOLA
PR4;4;PR;2011;1;328;N;0.03;38;8.571428571;23;10.35714286;5.2;4.591093138;0.882902527;1;HOLA
PR5;5;PR;2011;1;136;S;2.06;31;6.428571429;16;0.357142857;11.79285714;6.390513162;0.541896937;1;HOLA
PR6;6;PR;2011;1;138;S;0.7;27;0;41;3.571428571;8.885714286;6.547412649;0.736847083;1;HOLA
PR7;7;PR;2011;1;141;S;1.22;40;1.071428571;34;6.785714286;11.10357143;8.204814661;0.738934739;0;HOLA
PR8;8;PR;2011;1;147;S;0.93;33;2.142857143;11;4.285714286;13.56785714;8.680450312;0.639780492;0;HOLA
PR9;9;PR;2011;1;210;S;1.1;18;0;53;19.28571429;5.692857143;6.470109303;1.13653112;0;HOLA
SU1;1;SU;2011;1;228.2299957;S;0.49;56.4815;5;32;1.428571429;10.05714286;6.701812122;0.666373364;0;HOLA
SU2;2;SU;2011;1;296.4400024;N;0.01;25.5469;20.35714286;25;8.214285714;5.867857143;4.947071366;0.843079722;1;HOLA
SU3;3;SU;2011;1;298.9339905;N;1.92;22.9953;9.642857143;22;2.857142857;8.389285714;5.746299372;0.684956928;1;HOLA
SU4;4;SU;2011;1;62.1026001;N;1.21;30;7.142857143;19;0.714285714;10.325;6.90940479;0.669191747;0;HOLA
SU5;5;SU;2011;1;117.6470032;S;1.98;2.96331;0;18;2.5;11.28214286;7.347179186;0.65122196;0;HOLA
SU6;6;SU;2011;1;83.50640106;N;0.32;30.9485;17.14285714;14;0;17.11785714;9.557055738;0.558309119;0;HOLA
SU7;7;SU;2011;0;167.2420044;S;2.02;13.5854;0.357142857;17;0.357142857;37.41428571;18.56229875;0.496128642;0;HOLA
SU8;8;SU;2011;0;175.3650055;S;1.04;9.28037;0;8;0.357142857;40.55;21.13069927;0.521102325;0;HOLA
SU9;9;SU;2011;0;249.5070038;S;2.01;26.42210007;0;58;0;27.89285714;19.28681702;0.69146079;0;HOLA
VC1;1;VC;2011;1;71;N;0.36;75;3.214285714;13;1.428571429;23.225;13.70697243;0.590181805;0;HOLA
VC2;2;VC;2011;1;187;S;1.86;43;8.214285714;26;19.28571429;9.932142857;9.702327754;0.976861478;1;HOLA
VC3;3;VC;2011;1;35;N;1.9;29;2.5;1;0.357142857;22.09285714;9.74616655;0.441145592;1;HOLA
VC4;4;VC;2011;0;158;S;0;26;0;32;0;38.15;15.38557021;0.403291487;0;HOLA
VC5;5;VC;2011;0;13;N;0.17;17;0.357142857;20;0.714285714;22.93928571;9.858491211;0.429764524;0;HOLA
VC6;6;VC;2011;0;348;N;0.86;24;0.714285714;4;0.357142857;22.83928571;6.98225294;0.305712404;0;HOLA
VC7;7;VC;2011;1;88;N;0.46;28;0;8;0.357142857;19.42142857;10.0072145;0.515266653;1;HOLA
VC8;8;VC;2011;1;348;N;0.86;29;6.071428571;15;0.357142857;16.07857143;8.033146259;0.499618159;0;HOLA
VC9;9;VC;2011;1;99;S;1.89;25;0.714285714;2;0.357142857;24.2;12.5182018;0.517281066;1;HOLA
VC10;10;VC;2011;0;304;N;0.84;36;9.642857143;53;0;14.52142857;7.820538952;0.538551625;1;HOLA
VC15;15;VC;2011;0;185;S;0.97;27;5.714285714;11;2.142857143;21.44642857;10.64096305;0.496164805;1;HOLA
MT1;1;MT;2011;0;145.7839966;S;0.03;37.79050064;0.357142857;30;0;25.55;12.75988618;0.499408461;0;WEME
MT2;2;MT;2011;0;250.4629974;S;1.35;41.11719894;2.857142857;15;0;26.83214286;12.35193464;0.460340969;0;WEME
MT3;3;MT;2011;0;261.8699951;S;2.06;35.3553009;0;5;0.357142857;32.83571429;18.33366988;0.558345395;0;WEME
MT4;4;MT;2011;1;190.3049927;S;0.31;27.95079994;0;17;0.714285714;15.24285714;9.670093148;0.634401612;1;WEME
MT5;5;MT;2011;1;273.6520081;N;1.83;58.86959839;0;27;3.928571429;19.01071429;11.8900229;0.625437988;0;WEME
MT6;6;MT;2011;1;278.9729919;N;0.95;48.08850098;0;35;11.07142857;40.55714286;597.2809869;14.72689999;0;WEME
MT7;7;MT;2011;1;284.743988;N;0.46;49.11719894;0;13;0;16.91428571;7.493830881;0.443047434;0;WEME
MT8;8;MT;2011;1;262.875;S;1.49;60.46689987;0.357142857;43;10.35714286;7.2;7.155417528;0.99380799;0;WEME
MT9;9;MT;2011;0;201.0379944;S;0.51;34.82099915;0;33;7.857142857;20.45;15.00863551;0.733918607;0;WEME
MT10;10;MT;2011;0;228.0130005;S;0.31;33.63410187;0.714285714;26;0.357142857;29.98928571;18.41019741;0.613892494;0;WEME
PR4;4;PR;2011;1;328;N;0.03;38;8.571428571;23;10.35714286;5.2;4.591093138;0.882902527;1;WEME
PR5;5;PR;2011;1;136;S;2.06;31;6.428571429;16;0.357142857;11.79285714;6.390513162;0.541896937;1;WEME
PR6;6;PR;2011;1;138;S;0.7;27;0;41;3.571428571;8.885714286;6.547412649;0.736847083;1;WEME
PR7;7;PR;2011;1;141;S;1.22;40;1.071428571;34;6.785714286;11.10357143;8.204814661;0.738934739;1;WEME
PR8;8;PR;2011;1;147;S;0.93;33;2.142857143;11;4.285714286;13.56785714;8.680450312;0.639780492;0;WEME
PR9;9;PR;2011;1;210;S;1.1;18;0;53;19.28571429;5.692857143;6.470109303;1.13653112;0;WEME
SU1;1;SU;2011;1;228.2299957;S;0.49;56.4815;5;32;1.428571429;10.05714286;6.701812122;0.666373364;0;WEME
SU2;2;SU;2011;1;296.4400024;N;0.01;25.5469;20.35714286;25;8.214285714;5.867857143;4.947071366;0.843079722;1;WEME
SU3;3;SU;2011;1;298.9339905;N;1.92;22.9953;9.642857143;22;2.857142857;8.389285714;5.746299372;0.684956928;1;WEME
SU4;4;SU;2011;1;62.1026001;N;1.21;30;7.142857143;19;0.714285714;10.325;6.90940479;0.669191747;1;WEME
SU5;5;SU;2011;1;117.6470032;S;1.98;2.96331;0;18;2.5;11.28214286;7.347179186;0.65122196;1;WEME
SU6;6;SU;2011;1;83.50640106;N;0.32;30.9485;17.14285714;14;0;17.11785714;9.557055738;0.558309119;1;WEME
SU7;7;SU;2011;0;167.2420044;S;2.02;13.5854;0.357142857;17;0.357142857;37.41428571;18.56229875;0.496128642;0;WEME
SU8;8;SU;2011;0;175.3650055;S;1.04;9.28037;0;8;0.357142857;40.55;21.13069927;0.521102325;0;WEME
SU9;9;SU;2011;0;249.5070038;S;2.01;26.42210007;0;58;0;27.89285714;19.28681702;0.69146079;0;WEME
VC1;1;VC;2011;1;71;N;0.36;75;3.214285714;13;1.428571429;23.225;13.70697243;0.590181805;1;WEME
VC2;2;VC;2011;1;187;S;1.86;43;8.214285714;26;19.28571429;9.932142857;9.702327754;0.976861478;1;WEME
VC3;3;VC;2011;1;35;N;1.9;29;2.5;1;0.357142857;22.09285714;9.74616655;0.441145592;1;WEME
VC4;4;VC;2011;0;158;S;0;26;0;32;0;38.15;15.38557021;0.403291487;1;WEME
VC5;5;VC;2011;0;13;N;0.17;17;0.357142857;20;0.714285714;22.93928571;9.858491211;0.429764524;1;WEME
VC6;6;VC;2011;0;348;N;0.86;24;0.714285714;4;0.357142857;22.83928571;6.98225294;0.305712404;0;WEME
VC7;7;VC;2011;1;88;N;0.46;28;0;8;0.357142857;19.42142857;10.0072145;0.515266653;1;WEME
VC8;8;VC;2011;1;348;N;0.86;29;6.071428571;15;0.357142857;16.07857143;8.033146259;0.499618159;1;WEME
VC9;9;VC;2011;1;99;S;1.89;25;0.714285714;2;0.357142857;24.2;12.5182018;0.517281066;1;WEME
VC10;10;VC;2011;0;304;N;0.84;36;9.642857143;53;0;14.52142857;7.820538952;0.538551625;1;WEME
VC15;15;VC;2011;0;185;S;0.97;27;5.714285714;11;2.142857143;21.44642857;10.64096305;0.496164805;1;WEME
