population;L;Z;structure
umba_sovhoz;28.8;0.753968254;0.011
umba_sovhoz;28.3;0;0.701
umba_sovhoz;28.1;0.43220339;0.244
umba_sovhoz;26.1;0.442105263;0.861
umba_sovhoz;27.3;0.232142857;0.011
umba_sovhoz;28;0.504132231;0.011
umba_sovhoz;28.6;0.6;0.042
umba_sovhoz;23.8;0.408163265;0.011
umba_sovhoz;41.2;0.964705882;0.011
umba_sovhoz;43.7;0.890547264;0.011
umba_sovhoz;40.1;1;0.011
umba_sovhoz;40.1;0.604395604;0.054
umba_sovhoz;43.9;1;0.012
umba_sovhoz;30.8;0.910447761;0.118
umba_sovhoz;29.1;0.902439024;0.042
umba_sovhoz;45.2;0.819004525;0.011
umba_sovhoz;45;0.685714286;0.014
umba_sovhoz;32.9;0.97810219;0.182
umba_sovhoz;35.9;1.019230769;0.06
umba_sovhoz;39.9;0.81875;0.218
umba_sovhoz;38;0.870786517;0.011
umba_sovhoz;45.1;0.769585253;0.018
umba_sovhoz;40.7;0.952380952;0.01
umba_sovhoz;42;0.916666667;0.011
umba_sovhoz;43.5;0.917431193;0.012
umba_sovhoz;39.5;0.940828402;0.011
umba_sovhoz;33.9;1.02;0.01
umba_sovhoz;41.4;0.959302326;0.011
umba_sovhoz;40.4;1;0.015
umba_sovhoz;45.2;0.572864322;0.041
umba_sovhoz;38;1;0.01
umba_sovhoz;39.9;0.887640449;0.011
umba_sovhoz;38.1;1;0.941
umba_sovhoz;39.8;0.575;0.976
umba_sovhoz;39;0.626506024;0.379
umba_pikut;33.5;0.535714286;0.832
umba_pikut;30.8;0.444444444;0.28
umba_pikut;28.1;0.745454545;0.56
umba_pikut;26.9;0.318181818;0.428
umba_pikut;26.4;0.4;0.973
umba_pikut;26.6;0;0.971
umba_pikut;25.8;0.5;0.394
umba_pikut;50.1;0.939914163;0.011
umba_pikut;19.2;0.65;0.014
umba_pikut;21.7;0;0.7
umba_pikut;28.8;0.375;0.393
umba_pikut;24;0.816326531;0.011
umba_pikut;46.2;0.822966507;0.09
umba_pikut;51.7;0.863247863;0.011
umba_pikut;46.2;1;0.01
umba_pikut;38.4;0.892473118;0.011
umba_pikut;48.6;0.915322581;0.013
umba_pikut;35.4;0.956284153;0.014
umba_pikut;37.7;0.843243243;0.018
umba_pikut;43.2;1.018691589;0.011
umba_pikut;46.8;0.881278539;0.011
umba_pikut;26.5;0.722222222;0.973
umba_pikut;30.4;0.448;0.522
umba_pikut;33.5;0.612244898;0.385
umba_pikut;35.3;0;0.975
umba_pioner;14.8;0.357142857;0.218
umba_pioner;18.4;0.774647887;0.011
umba_pioner;18.2;0.44;0.013
umba_pioner;22.6;0.885057471;0.011
umba_pioner;21.3;0.684210526;0.011
umba_pioner;24.7;0.691489362;0.014
umba_pioner;28.4;0.836065574;0.07
umba_pioner;23.3;0.944444444;0.161
umba_pioner;20.4;0.682352941;0.013
umba_pioner;17.6;0.9375;0.011
umba_pioner;36.8;0.939393939;0.042
umba_pioner;24.4;0.836206897;0.011
umba_pioner;24.2;0.915789474;0.014
umba_pioner;34.5;0.813333333;0.011
umba_pioner;36.8;1;0.014
umba_pioner;37.2;0.719745223;0.99
umba_pioner;38.3;0.922155689;0.011
umba_pioner;33.9;0.992857143;0.224
umba_pioner;30.1;0.873015873;0.012
umba_pioner;31.9;1;0.011
umba_pioner;31.3;0.821428571;0.186
umba_pioner;30.7;1;0.011
umba_pioner;31;1;0.011
umba_pioner;31.2;1;0.232
umba_pioner;32.7;1;0.011
umba_pioner;18.2;0.92;0.041
umba_pioner;38;1;0.011
umba_pioner;23.7;0.842105263;0.014
umba_pioner;25.3;0.932692308;0.011
umba_pioner;21.7;1;0.042
umba_pioner;33.8;0.946666667;0.216
umba_pioner;31.9;0.969465649;0.059
umba_pioner;33.9;0.96969697;0.011
umba_pioner;38.8;1;0.011
umba_pioner;36.2;0.941176471;0.171
umba_pioner;36.6;1;0.011
umba_pioner;41.8;1;0.011
umba_pioner;33.8;1;0.011
umba_pioner;34.6;1;0.011
umba_bridge;22.5;1.032608696;0.011
umba_bridge;37.5;0.839506173;0.014
umba_bridge;38.7;1;0.011
umba_bridge;19.7;1.048780488;0.086
umba_bridge;32.6;0.535714286;0.011
umba_bridge;26.9;0.896226415;0.019
umba_bridge;31.5;0.72;0.011
umba_bridge;26.6;0.727272727;0.01
umba_bridge;40.6;1;0.011
umba_bridge;25.2;1.04;0.011
umba_bridge;30.2;1;0.012
umba_bridge;31.7;1;0.022
umba_bridge;35;1;0.011
umba_bridge;25.9;1.036363636;0.011
umba_bridge;28.4;0.9;0.011
umba_bridge;32.2;0.872180451;0.01
umba_bridge;30.8;1.037037037;0.042
umba_bridge;29.2;1;0.011
umba_bridge;33.8;1.038961039;0.042
umba_bridge;21.5;1.119047619;0.014
umba_kamni;25.7;1.033898305;0.01
umba_kamni;22.5;1.071428571;0.011
umba_kamni;28;1;0.01
umba_kamni;22;1;0.011
umba_kamni;28.3;1;0.012
umba_kamni;23.2;1;0.011
umba_kamni;17.8;1.024390244;0.18
umba_kamni;28;1;0.012
umba_kamni;18.1;1;0.012
umba_kamni;19.8;1;0.014
umba_kamni;19.4;1;0.011
umba_kamni;17.6;1;0.014
umba_kamni;15.5;1;0.01
umba_kamni;26.7;0.930232558;0.011
umba_kamni;25.8;1;0.011
umba_kamni;27.9;1;0.011
umba_kamni;17.6;1;0.012
umba_kamni;13.4;1.053571429;0.01
umba_kamni;16;1;0.011
umba_kamni;17.7;1;0.01
umba_kamni;16.4;1;0.025
umba_kamni;20.4;1;0.011
umba_kamni;25.5;1;0.012
umba_kamni;19.9;1;0.058
umba_kamni;12.2;1;0.011
umba_kamni;16.2;1;0.011
umba_kamni;23;1;0.014
umba_kamni;14.5;1;0.013
umba_kamni;21.8;1;0.011
umba_kamni;32.2;1;0.011
umba_kamni;18.9;1;0.043
umba_kamni;24;0.954545455;0.015
umba_kamni;27.8;1;0.011
umba_kamni;21.1;1;0.011
umba_kamni;19.1;1.064102564;0.014
umba_kamni;24.6;1.038461538;0.011
umba_kamni;19.6;1;0.011
umba_kamni;22.6;1;0.018
umba_kamni;17.6;1.04;0.011
umba_kamni;24.2;1;0.011
umba_kamni;18.6;1;0.011
umba_kamni;23.7;1.036363636;0.012
umba_kamni;16.4;0.955882353;0.01
umba_06;27.1;0.75;0.011
umba_06;33.4;0.892857143;0.01
umba_06;31.4;0.884615385;0.01
umba_06;31.6;1;0.01
umba_06;30.8;1;0.011
umba_06;50.3;1;0.011
umba_06;44.2;1;0.169
umba_06;35;1;0.011
umba_06;32.5;0.967741935;0.011
umba_06;30.7;0.894308943;0.09
umba_06;33.3;1.034482759;0.011
umba_06;31.9;0.966666667;0.011
umba_06;47.6;0.95631068;0.015
umba_06;43.5;1;0.012
umba_06;38.7;0.790960452;0.014
umba_06;39.8;1;0.165
umba_06;45.8;1;0.011
umba_06;48.8;0.991189427;0.011
umba_06;43.9;1;0.011
umba_06;36.9;0.868421053;0.011
umba_06;39.3;0.704142012;0.362
umba_06;32.4;0.8203125;0.014
umba_06;37.2;0.895061728;0.011
umba_06;30.3;0.904;0.332
umba_06;35.3;0.943661972;0.01
umba_06;35.7;0.816901408;0.019
umba_06;35.1;1;0.011
umba_06;36.6;0.921052632;0.011
umba_06;32.4;0.693430657;0.185
padan;25.4;1;0.017
padan;27.9;1;0.041
padan;27.8;0.881355932;0.014
padan;36.1;1;0.011
padan;30.7;0.777777778;0.011
padan;36.1;1.013071895;0.063
padan;34.5;0.96350365;0.015
padan;33.4;0.944444444;0.043
padan;37.9;1;0.041
padan;24.5;1;0.042
padan;26.1;0.961904762;0.229
padan;27.4;1.048543689;0.01
padan;18.8;1.052631579;0.011
padan;21.4;1;0.246
padan;13.9;1;0.634
padan;37.2;1;0.011
padan;35.2;0.915492958;0.01
padan;37.3;1;0.06
padan;36.8;1;0.011
padan;26.8;0.85840708;0.042
padan;20;1.038461538;0.011
padan;19.2;0.96;0.01
padan;39.5;1;0.085
padan;33.4;1;0.014
padan;28.7;1;0.011
padan;40.8;1;0.044
padan;24.8;0.9;0.011
padan;38.9;1;0.06
padan;33.5;0.25;0.011
padan;37.7;1;0.219
padan;30.9;1;0.011
porya;12.3;0.901639344;0.011
porya;16.8;0.76119403;0.063
porya;17.6;0.984375;0.012
porya;15.4;0.983606557;0.011
porya;12.2;1;0.011
porya;14.9;0;0.985
porya;14.9;1.016666667;0.011
porya;17.2;0.802816901;0.99
porya;17.9;1.041666667;0.014
porya;19;1;0.011
porya;15.4;0.822580645;0.011
porya;18.8;1.069444444;0.011
porya;24.4;0.697674419;0.735
porya;23.5;0.894736842;0.016
porya;26.2;1;0.011
porya;22.8;0;0.911
porya;27.7;0.96;0.011
porya;28.6;0;0.928
porya;26.6;1;0.042
porya;29.2;1;0.014
porya;25.1;1.01754386;0.012
porya;29.9;1;0.011
porya;28.2;1;0.011
porya;32.3;1;0.014
porya;33.4;0.852941176;0.011
porya;30.2;1;0.01
porya;37.9;0;0.517
porya;29.3;1.016;0.014
porya;38.3;0.967391304;0.011
porya;35.2;1;0.014
porya;45.2;0.941176471;0.011
porya;45.6;1;0.011
porya;40.1;1;0.011
porya;41.7;0.914798206;0.011
porya;46.9;1;0.014
porya;46.1;0.83935743;0.011
porya;36.4;0.87755102;0.013
porya;45;0.902325581;0.011
porya;50;0.973063973;0.011
porya;47.8;1;0.014
porya;27.5;1.016666667;0.014
berzakol;12.4;0.923076923;0.013
berzakol;13.1;1;0.043
berzakol;18.3;1.0125;0.041
berzakol;15.8;0.745454545;0.444
berzakol;16.1;0;0.905
berzakol;22.1;0.947368421;0.014
berzakol;17;1;0.013
berzakol;19.5;1;0.011
berzakol;17.9;1.0625;0.01
berzakol;39;1;0.011
berzakol;19.2;0.944444444;0.011
berzakol;18.3;1;0.011
berzakol;17.2;1;0.041
berzakol;13.3;1;0.011
berzakol;17;0.492957746;0.383
berzakol;18.5;1.013513514;0.014
berzakol;15.8;1.015873016;0.011
berzakol;15;1.033333333;0.011
berzakol;15.3;1;0.011
berzakol;18;0.9875;0.158
berzakol;18.8;1.026666667;0.011
berzakol;17;1.028571429;0.906
berzakol;20.5;0;0.99
berzakol;23.2;1;0.011
berzakol;23;1;0.011
berzakol;26.2;1;0.04
berzakol;25.3;0.990566038;0.011
berzakol;23.3;1;0.011
berzakol;24;1.043478261;0.011
berzakol;21.7;1.020408163;0.382
berzakol;25.4;1;0.011
berzakol;34.1;0.958333333;0.042
berzakol;37;0.956790123;0.01
berzakol;34;1;0.011
berzakol;28.1;1.00877193;0.011
berzakol;27;1;0.011
berzakol;30.1;1;0.012
berzakol;27.7;1;0.011
berzakol;28.1;1;0.085
berzakol;28.8;0;0.953
berzakol;27;1;0.013
berzakol;25.2;0.93495935;0.012
berzakol;26.7;1;0.013
berzakol;25.8;0.968503937;0.154
berzakol;27;1.041666667;0.197
berzakol;28;0.888;0.011
luv_korg;27.8;0.64;0.014
luv_korg;25;0.875;0.041
luv_korg;21.3;0.72;0.365
luv_korg;20.6;0.511111;0.141
luv_korg;20.1;0.612245;0.011
luv_korg;20;1;0.014
luv_korg;16.2;0.68;0.043
luv_korg;19.9;1.02;0.1
luv_korg;20.4;0.544444;0.011
luv_korg;26.1;0.816;0.011
luv_korg;16.4;0.728571;0.091
luv_korg;15.8;0.692308;0.011
luv_korg;20.7;0.529412;0.013
luv_korg;22.3;0.7;0.041
luv_korg;24.3;0.840708;0.022
luv_korg;22.2;0.787037;0.011
luv_korg;16.2;0.72973;0.011
luv_korg;30.7;1;0.564
luv_korg;12.2;0.5;0.011
luv_korg;14.6;0;0.989
luv_korg;24.5;0.897436;0.062
luv_korg;25.2;0.964789;0.011
luv_korg;26.1;0.795082;0.018
luv_korg;27;0.777778;0.043
luv_korg;20.2;1;0.011
luv_korg;15.5;0.866667;0.01
luv_korg;18.1;0.75;0.011
luv_korg;17;0.733333;0.247
luv_korg;15.7;0;0.976
luv_korg;18.5;0.768293;0.011
luv_korg;17.8;0.9875;0.011
luv_korg;17.4;0.743243;0.016
luv_korg;26.9;0.962963;0.01
luv_korg;26.6;0.894309;0.011
luv_korg;34.7;0.925714;0.059
luv_korg;21.3;0.942308;0.011
luv_korg;17.4;0.9;0.01
luv_korg;18.6;0.768421;0.048
luv_korg;20.8;0.888889;0.011
luv_korg;16.1;0.681818;0.011
luv_korg;27.3;0.914286;0.011
luv_korg;27.1;0.661157;0.011
luv_korg;25.6;0.686957;0.013
luv_mat;30.3;1;0.011
luv_mat;24.3;0;0.239
luv_mat;25.4;0.758929;0.011
luv_mat;14.6;0.45;0.061
luv_mat;25.4;0.653846;0.012
luv_mat;27.2;0.679104;0.04
luv_mat;25.7;0.788136;0.065
luv_mat;27.4;0.559055;0.012
luv_mat;21.4;0.40566;0.042
luv_mat;21.7;0.544554;0.011
luv_mat;22;0.670213;0.011
luv_mat;14.8;0;0.99
luv_mat;17.8;0.831169;0.043
luv_mat;23.3;0.7;0.064
luv_mat;21;0.645161;0.053
luv_mat;30.6;0.928571;0.085
luv_mat;21.6;0.82;0.086
luv_mat;34.9;0;0.939
luv_mat;22.2;0;0.011
luv_mat;30;0.761589;0.185
luv_mat;20;0;0.974
luv_mat;20.2;0;0.924
luv_mat;33.1;0.75;0.013
luv_mat;33.2;0.612903;0.014
luv_mat;25.3;0.607143;0.011
luv_mat;20.6;0;0.99
luv_mat;26.9;0.806452;0.012
luv_mat;22.2;0.720721;0.011
luv_mat;23.1;0;0.018
luv_mat;20.1;0.903614;0.014
luv_mat;20.4;0;0.285
luv_mat;31.2;0.9;0.019
luv_mat;25.7;0.610687;0.013
luv_mat;24.3;0.5;0.011
luv_mat;20.7;0.417582;0.011
luv_mat;20.6;0.633333;0.085
luv_mat;31.2;0.882353;0.011
luv_mat;14.7;0.461538;0.011
luv_mat;20.4;0.815217;0.013
luv_mat;22.1;0.77;0.052
luv_mat;30.9;0.965517;0.014
luv_mat;21.5;0.5;0.013
luv_mat;22.8;0.754902;0.012
luv_mat;26.3;0.954545;0.011
luv_mat;19.6;0.764706;0.014
luv_mat;15.3;0;0.975
luv_mat;30.4;0.772059;0.011
luv_mat;24.1;0.65;0.159
niva_sl;20.8;0.588235294;0.018
niva_sl;10.5;0;0.278
niva_sl;16;0.467741935;0.011
niva_sl;21;0;0.99
niva_sl;17.3;0;0.989
niva_sl;15.7;0;0.987
niva_sl;10.1;0.375;0.989
niva_sl;14.5;0.357142857;0.971
niva_sl;29.1;0;0.974
niva_sl;20.5;0;0.99
niva_sl;19.8;0.529411765;0.158
niva_sl;22.1;0;0.988
niva_sl;24.4;0.41;0.01
niva_sl;31.4;0;0.011
niva_sl;28.6;0.409090909;0.011
niva_sl;27.8;0;0.021
niva_sl;27.8;0.401785714;0.011
niva_sl;29.8;0.358333333;0.011
niva_sl;23.3;0.4;0.013
niva_sl;26.5;0.528846154;0.011
niva_sl;39.5;0;0.988
niva_sl;28.9;0.583333333;0.011
niva_sl;20.2;0.517241379;0.39
niva_sl;30.6;0;0.044
niva_sl;34.2;0;0.011
niva_sl;33.4;0;0.989
niva_sl;34.9;0;0.99
niva_sl;31.5;0;0.99
niva_sl;19.7;0.625;0.379
niva_sl;30.6;0;0.985
niva_sl;30.8;0;0.973
niva_sl;20.7;0;0.907
niva_sl;23.7;0.571428571;0.01
niva_sl;24.9;0;0.989
niva_sl;25.6;0.585858586;0.011
niva_sl;19;0;0.968
niva_sl;31.1;0.414814815;0.012
niva_sl;20.4;0;0.99
niva_sl;20.9;0.6625;0.394
niva_sl;32.3;0;0.014
niva_sl;37.5;0;0.085
oenij;40.5;0.576923077;0.621
oenij;42.1;0;0.99
oenij;45.9;0;0.99
oenij;32.2;0;0.969
oenij;33.8;0.853146853;0.091
oenij;34.4;0.625;0.011
oenij;38.5;0;0.974
oenij;35.5;0;0.989
oenij;40;0;0.989
oenij;40.4;0.568306011;0.644
oenij;34.6;0;0.989
oenij;20.3;1;0.011
oenij;29.1;0.761538462;0.06
oenij;34.6;0;0.99
oenij;29.7;0.8;0.012
oenij;26;0;0.989
oenij;20.5;0.617283951;0.99
oenij;31.8;0;0.99
oenij;25.1;0;0.989
oenij;27.9;0;0.989
oenij;28.8;0;0.989
oenij;24.5;0.505263158;0.601
oenij;20.9;0;0.525
oenij;20.1;0;0.975
oenij;19.4;0.448717949;0.989
oenij;18.8;0;0.974
oenij;24.5;0;0.988
oenij;17.1;0;0.976
oenij;16.5;0;0.986
oenij;14.6;0;0.981
oenij;13.9;0;0.985
oenij;13.3;0;0.989
oenij;12.1;0;0.99
oenij;11.6;0;0.94
oenij;10;0;0.886
oenij;10.4;0;0.99
oenij;8.1;0;0.989
oenij;10.4;0;0.99
oenij;8.6;0;0.99
oenij;10.1;0;0.99
salnij;11.6;0;0.988
salnij;15.2;0;0.976
salnij;10.8;0;0.989
salnij;13;0.568627451;0.616
salnij;11.7;0;0.989
salnij;16.8;0;0.99
salnij;16;0;0.968
salnij;14.9;0;0.988
salnij;15.3;0;0.988
salnij;12.7;0;0.988
salnij;16.1;0;0.89
salnij;19.9;0;0.989
salnij;21.3;0;0.947
salnij;20.5;0.43902439;0.974
salnij;22.8;0;0.973
salnij;21.9;0;0.922
salnij;20.53;0.701149425;0.947
salnij;22.1;0;0.99
salnij;19.6;0;0.99
salnij;21.5;0;0.915
salnij;26.7;0.94214876;0.011
salnij;23.7;0;0.524
salnij;27.9;0;0.99
salnij;24.4;0;0.989
salnij;18.9;0;0.99
salnij;26.4;0;0.917
salnij;27.3;0;0.548
salnij;27.9;0;0.633
salnij;31.9;0.571428571;0.459
salnij;33.8;0;0.989
salnij;29.25;0;0.976
salnij;29;0;0.911
salnij;28.9;0;0.988
salnij;46.9;0.464788732;0.989
salnij;24.6;0;0.973
salnij;31.1;0;0.988
salnij;27.2;0;0.987
kanal;47.2;0;0.527
kanal;11.5;0;0.99
kanal;13.1;0;0.988
kanal;12.5;0;0.976
kanal;16.4;0;0.99
kanal;18;0;0.987
kanal;19.7;0.609756098;0.989
kanal;21.4;0;0.99
kanal;17.9;0;0.99
kanal;17;0;0.985
kanal;17.6;0;0.99
kanal;23.3;0;0.971
kanal;19.4;0;0.467
kanal;23.6;0;0.465
kanal;25.6;0;0.57
kanal;24.5;0;0.983
kanal;26.9;0;0.99
kanal;31.5;0.727272727;0.99
kanal;32.5;0;0.973
kanal;31.4;0;0.976
kanal;30.6;0;0.99
kanal;34.9;0;0.236
kanal;39.8;0;0.976
kanal;30.4;0;0.99
kanal;38.2;0;0.38
kanal;39.6;0;0.973
kanal;32.8;0;0.988
kanal;33.1;0;0.989
kanal;10.3;0;0.976
kanal;12.7;0.509803922;0.99
kanal;11.9;0;0.971
kanal;11.8;0;0.99
kanal;12.3;0.466666667;0.971
kanal;9.6;0;0.989
kanal;13;0;0.939
kanal;12.5;0;0.948
kanal;11.9;0;0.989
kanal;9.6;0;0.99
kanal;15.2;0.785714286;0.784
kanal;15.8;0;0.99
kanal;16.7;0;0.976
kanal;17.8;0.376470588;0.395
kanal;18.1;0;0.987
kanal;20.1;0;0.989
kanal;20.5;0;0.718
kanal;24.9;0.444444444;0.913
vor1;21.9;0.670103093;0.042
vor1;15.5;0.608695652;0.168
vor1;21.3;0.65;0.011
vor1;16.4;0.733333333;0.014
vor1;19.8;0.352941176;0.089
vor1;12.7;0;0.956
vor1;13.4;0.716666667;0.018
vor1;15;0.731343284;0.019
vor1;14.3;0.683333333;0.011
vor1;12.2;0.339285714;0.013
vor1;27.8;0.496453901;0.161
vor1;18.9;0.639534884;0.045
vor1;18.5;0.5875;0.042
vor1;30.7;0;0.411
vor1;29.9;0.911949686;0.176
vor1;23.8;0;0.045
vor1;24.6;0.646551724;0.647
vor1;16.7;0;0.013
vor1;28.4;0.825396825;0.011
vor1;32.6;0.633986928;0.013
vor1;32.2;0.718562874;0.043
vor1;35.7;0.740112994;0.011
vor1;25.5;0;0.012
vor1;31.8;0.782894737;0.011
vor1;35.3;0.611764706;0.01
vor1;25.6;0;0.011
vor1;30.6;0;0.011
vor1;29.3;0;0.01
vor1;27.9;0.378787879;0.011
vor1;29.1;0.8;0.01
vor1;19.6;0;0.115
vor1;21.2;0.65;0.042
vor1;28.7;0.305343511;0.011
vor1;18.2;0.505747126;0.163
vor1;27.5;0.504132231;0.534
vor1;27.2;0.625;0.011
vor1;34.7;0.823529412;0.287
vor1;29.9;0.662251656;0.011
vor1;15;0.656716418;0.113
vor1;35.1;0.687898089;0.011
vor1;21.8;0.657142857;0.041
vor1;25;0.713043478;0.011
vor2;15.2;1.031746032;0.23
vor2;25.2;0.743589744;0.013
vor2;34.5;1;0.365
vor2;26.8;0.737704918;0.011
vor2;36.8;0.641176471;0.013
vor2;21;0.651685393;0.047
vor2;27.7;0.873134328;0.011
vor2;33;0.832214765;0.013
vor2;28.7;0.921875;0.161
vor2;26.8;0.805084746;0.15
vor2;30.8;0.966666667;0.013
vor2;15.4;0.615384615;0.352
vor2;32.3;1;0.263
vor2;31.9;0.814285714;0.014
vor2;17.9;1.022222222;0.605
vor2;23.7;0.866666667;0.018
vor2;21.2;0.845360825;0.011
vor2;16;0.928571429;0.011
vor2;23.1;0.93;0.018
vor2;28.4;1;0.011
vor2;21.6;0.714285714;0.011
vor2;27.5;0.961538462;0.011
vor2;11.2;0.86;0.835
vor2;24;0.9375;0.011
vor2;27;1;0.01
vor2;25;0.619469027;0.046
vor2;18.5;0.777777778;0.06
vor2;19.6;0.902777778;0.087
vor2;24.3;1;0.011
vor2;16.3;0.757575758;0.014
vor2;23.1;0.660377358;0.011
vor2;18.1;0.476190476;0.042
vor2;33.8;0.889570552;0.011
vor2;29.3;1;0.01
vor2;22.1;0.7;0.046
vor2;11;0.847826087;0.013
vor2;27;0.803571429;0.014
vor2;29.2;1;0.01
vor2;24.4;0.983606557;0.011
vor5;12.8;1;0.056
vor5;13.1;0.737704918;0.013
vor5;13.3;0.694915254;0.011
vor5;14.1;0.819672131;0.011
vor5;15.3;0.652173913;0.011
vor5;16.4;0.846153846;0.042
vor5;18.1;0.772151899;0.011
vor5;20.3;0.786516854;0.049
vor5;22;0.673076923;0.014
vor5;19.2;0;0.975
vor5;20.9;0.628571429;0.041
vor5;21.2;0.913461538;0.011
vor5;21.3;0.95;0.197
vor5;22.9;1;0.011
vor5;21.9;1;0.23
vor5;25.9;0;0.983
vor5;30.1;0.857142857;0.012
vor5;32.4;1;0.011
vor5;34.9;0.864197531;0.056
vor5;36.4;0.865853659;0.014
vor5;30.9;0.96969697;0.01
vor5;36.3;0.982857143;0.011
vor5;14;0.793650794;0.064
vor5;15.5;0.814285714;0.01
vor5;15;1;0.013
vor5;13.2;0.961538462;0.043
vor5;23.9;0.754545455;0.014
vor5;22.8;0.747572816;0.011
vor5;35.7;0.944444444;0.189
vor5;28.8;0.894736842;0.084
vor5;26.4;0.696721311;0.043
vor5;25.5;0.769230769;0.013
vor5;31.3;0.73943662;0.011
vor5;25.2;0;0.015
vor5;28.7;0.948905109;0.011
vor5;28.3;0.984848485;0.011
vor5;29.9;0.546666667;0.042
vor5;32.5;0.952380952;0.09
vor5;30.3;0.893939394;0.022
vor5;36.1;1;0.011
vor5;31.6;0.649253731;0.012
vor5;34;0.625806452;0.011
vor5;33.9;1;0.011
voronya;11.2;0.795454545;0.013
voronya;9.8;0.6;0.011
voronya;8.3;0.714285714;0.044
voronya;11.5;0;0.973
voronya;10.9;1.022727273;0.011
voronya;23.4;0.68627451;0.011
voronya;18.1;0.76056338;0.014
voronya;19.8;0.731707317;0.013
voronya;27.1;0.888888889;0.01
voronya;30.5;1;0.018
voronya;26.7;0.865384615;0.012
voronya;24.9;0.626086957;0.926
voronya;24.5;1;0.018
voronya;28.5;1;0.011
voronya;30.8;0.921985816;0.011
voronya;31.3;0.970149254;0.011
voronya;31.1;1;0.011
voronya;36.8;1;0.011
voronya;37;1;0.011
voronya;32.5;0.591549296;0.041
voronya;38.2;0.482233503;0.087
voronya;40.9;0.965;0.012
voronya;42.8;0.87254902;0.012
voronya;13.7;0;0.842
voronya;14.8;1.016666667;0.467
voronya;15.2;0;0.974
voronya;14.4;0.576923077;0.011
voronya;17.1;0;0.99
voronya;15.9;0.677419355;0.011
voronya;17.3;0.723076923;0.011
voronya;21.7;0.736842105;0.392
voronya;22.7;0;0.989
voronya;23.9;0.705882353;0.091
voronya;25.3;0.773195876;0.974
voronya;23.7;1;0.011
voronya;29.9;0.8;0.01
voronya;25.4;0.954545455;0.011
voronya;30.5;1;0.014
voronya;32.6;1;0.011
voronya;35.9;0.96969697;0.058
voronya;33.3;0.688888889;0.385
voronya;32.8;0.965034965;0.01
voronya;33.7;1;0.011
voronya;42.4;0.850746269;0.013
voronya;33.9;0.903225806;0.011
voronya;34.6;1;0.011
ryazh_f;12.6;0;0.989
ryazh_f;18.5;0.825;0.089
ryazh_f;14.7;0.901639344;0.043
ryazh_f;24.9;0;0.805
ryazh_f;19.4;0.917647059;0.388
ryazh_f;31.2;0;0.986
ryazh_f;26.8;1;0.011
ryazh_f;30.6;0;0.99
ryazh_f;29.8;0;0.975
ryazh_f;25.1;0.454545455;0.36
ryazh_f;27.5;0;0.568
ryazh_f;29.1;0;0.973
ryazh_f;23.2;0;0.916
ryazh_f;37.1;0;0.523
ryazh_f;39.7;0;0.989
ryazh_f;46.8;0;0.974
ryazh_f;43.6;0.788944724;0.012
ryazh_f;11.5;0.5;0.367
ryazh_f;11.5;0.511111111;0.989
ryazh_f;13;0.785714286;0.013
ryazh_f;14.2;0;0.989
ryazh_f;12.9;0.74137931;0.014
ryazh_f;15.2;0;0.99
ryazh_f;15.6;0.492307692;0.656
ryazh_f;20;0.768292683;0.899
ryazh_f;20;0;0.01
ryazh_f;24.1;0;0.971
ryazh_f;24.5;0;0.985
ryazh_f;28.1;0;0.99
ryazh_f;29.1;0;0.976
ryazh_f;32.4;0;0.382
ryazh_f;30.2;0.934306569;0.227
ryazh_f;28.8;0;0.99
ryazh_f;28.4;0;0.977
ryazh_f;32.8;0;0.635
ryazh_f;36.4;0.946666667;0.04
ryazh_f;35.7;0.857142857;0.822
ryazh_f;33.7;0;0.99
ryazh_f;37.1;0.453488372;0.99
ryazh_f;47.3;0;0.25
ryazh2;18.5;0.948051948;0.011
ryazh2;17.5;1.054794521;0.012
ryazh2;21.9;1;0.011
ryazh2;19.7;1.011235955;0.011
ryazh2;16.4;0.930555556;0.011
ryazh2;17.9;0.444444444;0.011
ryazh2;21.6;1.00952381;0.085
ryazh2;24.1;1;0.011
ryazh2;22.1;0;0.011
ryazh2;25.7;0.801886792;0.375
ryazh2;30.1;1;0.922
ryazh2;26.5;0.849056604;0.043
ryazh2;36.5;1.00617284;0.011
ryazh2;35.7;1;0.011
ryazh2;38.8;1;0.043
ryazh2;40.1;1;0.01
ryazh2;45.7;0.838427948;0.011
ryazh2;36.6;1;0.385
ryazh2;38.5;1.076923077;0.011
ryazh2;36.5;1;0.011
ryazh2;34.1;1;0.05
ryazh2;36.8;0;0.011
ryazh2;13.4;0;0.549
ryazh2;16.9;0.851351351;0.119
ryazh2;16.2;1;0.011
ryazh2;15.1;0.676923077;0.011
ryazh2;20;1;0.01
ryazh2;29.6;1.12;0.01
ryazh2;32.8;0.933333333;0.011
ryazh2;32.5;0.974522293;0.013
ryazh2;33.1;1;0.313
ryazh2;38.5;0.862857143;0.014
ryazh2;22.1;0.8;0.386
ryazh2;26.1;1;0.011
kovda;14;0;0.94
kovda;16.9;0.577;0.302
kovda;13.5;0;0.989
kovda;10.2;0.625;0.011
kovda;17;0.671641791;0.01
kovda;10.4;0.959183673;0.046
kovda;11.7;0.736;0.011
kovda;15.7;0.538461538;0.562
kovda;11.3;1;0.655
kovda;12.2;0.8;0.013
kovda;15.4;0.666666667;0.194
kovda;13.3;0.818181818;0.02
kovda;16.8;0.818181818;0.011
kovda;22;0.795454545;0.012
kovda;19;0;0.989
kovda;22.2;0.833333333;0.013
kovda;19;0.802469136;0.011
kovda;16.2;0.743;0.011
kovda;20.8;0;0.908
kovda;18.9;0;0.7
kovda;20.4;0.968421053;0.013
kovda;23;0.76;0.014
kovda;25.4;1.02189781;0.044
kovda;22.8;0.714285714;0.014
kovda;24.2;0.789473684;0.015
kovda;21.6;0.765957447;0.011
kovda;28.2;0.526315789;0.374
kovda;29.7;0.615942029;0.011
kovda;35.4;1;0.014
kovda;30.1;0;0.989
kovda;35.4;1;0.011
kovda;38.2;1;0.012
kovda;35.8;0.817307692;0.011
kovda;38.5;1;0.01
kovda;31.1;0.896551724;0.012
kovda;35.8;0.905555556;0.014
kovda;38.8;1;0.014
kovda;41.2;1;0.404
kovda;57.5;1;0.041
kovda;48.2;1.016;0.012
kovda;57.6;0.942567568;0.044
kovda;53.7;1;0.012
kovda;53.4;1;0.162
kovda;55.5;1;0.246
kovda;51.6;1;0.01
kovda;52.9;1;0.011
kovda;52.8;1;0.042
kovda;54.4;1;0.016
chupa_f;32.2;0.988;0.827
chupa_f;22.7;0.404;0.989
chupa_f;36.7;0.7;0.99
umba_g;44.3;0.889;0.011
umba_g;45.7;0.947;0.013
umba_g;43.6;1;0.043
umba_g;43;0.911;0.011
umba_g;43.7;1;0.011
umba_g;45;0.722;0.012
umba_g;41.5;0.723;0.521
umba_g;35.4;0;0.99
umba_g;44.3;0.904;0.015
umba_g;39;0.766;0.04
umba_g;36.4;0;0.976
umba_g;48.6;0.901;0.011
umba_g;44.5;1;0.011
umba_g;39;0;0.913
umba_g;32.1;0;0.99
umba_g;41.8;1;0.01
umba_g;38.5;1;0.231
umba_g;40.9;1;0.095
umba_g;28.2;0;0.99
umba_g;44;0.906;0.012
umba_g;42.2;0.782;0.04
umba_g;26.1;0;0.987
chupa_f;17.2;0;0.458
chupa_f;37.4;1;0.011
chupa_f;28.4;0;0.989
umba_f;33.2;1;0.99
umba_f;29.1;0;0.989
umba_f;22.9;0;0.975
umba_f;19.5;0;0.972
umba_f;15;0;0.976
umba_f;13.7;0;0.988
umba_f;37.3;0.87;0.122
umba_f;16.1;0;0.989
umba_f;27.2;0;0.99
umba_f;24.7;0.549;0.99
umba_f;24.2;0;0.947
umba_f;48.1;1;0.011
umba_f;15.9;0;0.933
umba_f;19.1;0;0.923
umba_f;36.6;0.925;0.161
umba_f;41.2;0.884;0.047
umba_f;34.6;0.854;0.01
umba_f;25.5;0;0.989
umba_f;11.1;0;0.969
umba_f;10.4;0;0.988
umba_f;12;0;0.99
umba_f;27.6;0;0.52
umba_f;27;0.625;0.013
umba_f;28.6;0;0.99
umba_g;27.9;0;0.988
umba_g;37.7;0.811;0.011
umba_g;44.1;0.888;0.011
umba_g;33.1;0;0.989
umba_g;40.9;0.678;0.011
umba_g;33.2;0;0.99
umba_g;37.9;0;0.989
umba_g;39.4;0;0.989
umba_g;42.4;1;0.014
umba_g;42.2;0.82;0.011
umba_g;41.1;0.824;0.011
umba_g;46.5;1;0.329
umba_g;47.6;0.862;0.014
umba_g;51.4;0.903;0.014
umba_g;41.1;1;0.014
umba_g;47.7;0.93;0.011
umba_g;45.2;0.953;0.011
umba_g;33.9;0.808;0.011
umba_g;43.9;1;0.014
umba_g;38.2;0.975;0.989
umba_g;53.3;1;0.011
chupa_f;28.9;0;0.989
chupa_f;32.2;1;0.398
chupa_f;33.6;0;0.913
umba_f;15.9;0;0.989
umba_f;16.5;0;0.99
umba_f;23.2;0;0.989
umba_f;24.6;0;0.989
umba_f;26.2;0;0.99
umba_f;38.9;0.861;0.395
umba_f;16.7;0.41;0.99
umba_f;27.9;0.667;0.059
umba_f;22.9;0;0.989
umba_f;34.2;0.774;0.047
umba_f;35;0.838;0.011
umba_f;20.2;0.372;0.989
umba_f;27.9;0;0.989
umba_f;34.7;0;0.479
umba_f;33.8;0.528;0.222
umba_f;33.5;0;0.99
umba_f;37.9;0.958;0.011
umba_f;37.5;0.919;0.01
umba_f;39.1;0.713;0.01
umba_f;20.2;0;0.989
umba_f;21.5;0.506;0.989
umba_f;19.5;0;0.859
umba_f;31.8;0;0.973
umba_f;38.7;0.706;0.012
umba_f;21;0;0.99
umba_f;22.4;0;0.99
umba_f;25.2;0;0.974
umba_f;55.5;0.685;0.011
umba_f;38.1;0.844;0.043
umba_f;15.4;0;0.734
umba_f;29.2;0;0.99
umba_f;31.1;0;0.976
umba_f;41.3;1;0.013
umba_f;48.1;0.883;0.012
umba_f;20.3;0;0.989
umba_f;28.4;0;0.989
umba_f;25.1;0;0.972
umba_f;32.2;0.731;0.011
umba_g;30;1;0.013
umba_g;45.3;0.746;0.011
umba_g;50.9;1;0.522
umba_g;47.4;1;0.042
umba_g;53.2;1;0.011
umba_g;49.3;0.844;0.99
chupa_g;14.2;0.593;0.99
chupa_g;16.5;0;0.99
chupa_g;17.8;0;0.99
chupa_g;17.2;1.026;0.011
chupa_g;16.6;0.861;0.989
chupa_g;17.3;0.829;0.916
chupa_g;14.7;0.635;0.989
chupa_g;18.4;0.769;0.524
chupa_g;14.5;0.934;0.011
chupa_g;13.5;0;0.986
chupa_g;17.5;0.458;0.99
chupa_g;11.9;0.7;0.011
chupa_g;15.6;0.517;0.99
chupa_g;12;1;0.016
chupa_g;18.8;0.875;0.011
chupa_g;12;0.444;0.734
chupa_g;19.7;1;0.01
chupa_g;18.4;0.547;0.942
chupa_g;34.2;0;0.907
chupa_g;35.7;0.912;0.607
chupa_f;27;0;0.976
chupa_f;16.9;0;0.99
chupa_f;18;0;0.989
chupa_f;19.3;0;0.874
chupa_f;32.1;0.966;0.011
chupa_f;15.2;0;0.99
chupa_f;21.2;0;0.99
chupa_f;23.7;0;0.988
chupa_f;25.5;0;0.99
chupa_f;24;0;0.666
chupa_f;17.7;0;0.99
chupa_f;18;0.493;0.985
chupa_f;14.8;0.603;0.985
chupa_f;11.4;0.532;0.989
chupa_f;13.5;0.552;0.989
chupa_f;13.9;0;0.99
chupa_f;35.3;0;0.989
chupa_f;28.1;0;0.973
chupa_f;20.7;0;0.984
chupa_f;20.8;0;0.827
chupa_f;17.4;0.571;0.99
chupa_f;17.5;0;0.593
chupa_f;14.8;0.415;0.969
chupa_f;13.8;0.636;0.976
chupa_f;18.4;0;0.976
chupa_f;15.5;0;0.99
chupa_f;14.7;0.811;0.989
chupa_f;13;0.46;0.846
chupa_f;11.7;0;0.971
chupa_f;11.5;0;0.976
chupa_f;8.5;0.5;0.99
chupa_g;33.7;1;0.398
chupa_g;33.1;1;0.01
chupa_g;18.3;0;0.042
chupa_g;23.2;1;0.976
chupa_g;26.1;0.891;0.497
chupa_g;29;1;0.011
chupa_g;25.4;1;0.011
chupa_g;31.2;1.027;0.011
chupa_g;18.6;0.5;0.011
chupa_g;17.9;0.733;0.94
chupa_g;19.2;1;0.941
chupa_g;35.5;0.987;0.809
chupa_g;29.5;0.808;0.089
chupa_g;37.1;1;0.044
chupa_g;34.1;0.938;0.041
chupa_g;11.2;0.682;0.011
chupa_g;21.7;0.947;0.988
chupa_g;23.4;1.022;0.932
chupa_g;31.3;0;0.976
chupa_g;38.9;1;0.989
chupa_g;41.5;0.927;0.018
